"wl","rad_cal_mean"
339.27405,0
339.6554751,0
340.0368547,0
340.4181889,0
340.7994776,0
341.1807209,0
341.5619188,0
341.9430712,0
342.3241781,0
342.7052396,0
343.0862557,0
343.4672263,0
343.8481514,0
344.2290311,0
344.6098654,0
344.9906541,0
345.3713975,0
345.7520953,0
346.1327477,0
346.5133546,0
346.8939161,0
347.2744321,0
347.6549026,0
348.0353276,0
348.4157072,0
348.7960413,4.13266314001886e-08
349.1763299,4.3582909263655e-08
349.5565731,4.43121348622211e-08
349.9367708,4.25486378762263e-08
350.316923,4.20224371712286e-08
350.6970297,4.06310063384473e-08
351.0770909,4.13854354250221e-08
351.4571067,4.20997873312327e-08
351.837077,4.04082619536971e-08
352.2170017,4.17745606197484e-08
352.596881,4.27657096961954e-08
352.9767149,4.20653459288593e-08
353.3565032,4.18065669921584e-08
353.736246,4.07638143364619e-08
354.1159433,4.06530948406915e-08
354.4955952,4.1583068032486e-08
354.8752015,4.12287254490676e-08
355.2547624,4.28896399029818e-08
355.6342777,4.2399574206328e-08
356.0137476,4.10938779148406e-08
356.3931719,4.19378819375536e-08
356.7725508,4.3826571091412e-08
357.1518841,4.27618885921699e-08
357.5311719,4.11113579341321e-08
357.9104143,3.89835988918933e-08
358.2896111,3.96420794257762e-08
358.6687624,4.17422435566819e-08
359.0478682,4.03717753925816e-08
359.4269285,4.06529951324978e-08
359.8059433,4.05035733982694e-08
360.1849125,4.14847249180036e-08
360.5638363,4.09498147553688e-08
360.9427145,4.02168932177802e-08
361.3215472,4.02298474218873e-08
361.7003344,4.12159730520597e-08
362.079076,4.09560654668541e-08
362.4577722,3.97654549893625e-08
362.8364228,4.00773938709823e-08
363.2150279,3.90274286526617e-08
363.5935874,3.95350817538123e-08
363.9721015,3.92053935965621e-08
364.35057,3.97566103187492e-08
364.7289929,3.90394233490037e-08
365.1073704,3.94411808577659e-08
365.4857023,3.93692453739261e-08
365.8639886,3.92811019821195e-08
366.2422294,3.88540145524229e-08
366.6204247,3.94541307595706e-08
366.9985745,3.9203717830854e-08
367.3766787,3.84948495127498e-08
367.7547373,3.84771784048254e-08
368.1327504,3.94123908481702e-08
368.510718,4.08000940717121e-08
368.88864,4.02500419348199e-08
369.2665165,4.16291080902985e-08
369.6443474,3.92568845501208e-08
370.0221328,4.15250081823874e-08
370.3998726,4.0019291024924e-08
370.7775668,3.93981671459238e-08
371.1552155,4.1494985652568e-08
371.5328187,4.08651776087293e-08
371.9103763,4.15123537059251e-08
372.2878883,4.11448498622634e-08
372.6653548,4.00527798211313e-08
373.0427757,3.93961348174844e-08
373.420151,4.01497870395993e-08
373.7974808,4.24854240234748e-08
374.174765,4.16321683398909e-08
374.5520036,4.24895948820587e-08
374.9291967,4.15233004843655e-08
375.3063442,4.16806245547683e-08
375.6834461,4.16596462421209e-08
376.0605024,4.04768026624739e-08
376.4375132,4.03366064008781e-08
376.8144784,3.96369394398975e-08
377.191398,3.91301189008084e-08
377.568272,3.86475859316572e-08
377.9451005,3.89013312174578e-08
378.3218833,3.98859702895256e-08
378.6986206,3.83974707480708e-08
379.0753123,3.91800132073295e-08
379.4519584,3.81526833089269e-08
379.828559,3.94844357113124e-08
380.2051139,3.80075711553184e-08
380.5816232,3.83556382001416e-08
380.958087,3.79938788171149e-08
381.3345051,3.86471686202827e-08
381.7108777,3.83584220617122e-08
382.0872046,3.81458220942194e-08
382.463486,3.79410041092881e-08
382.8397218,3.79963264701027e-08
383.2159119,3.78997271607851e-08
383.5920565,3.74912223979943e-08
383.9681554,3.68765459098733e-08
384.3442088,3.74697679167448e-08
384.7202165,3.61805819877304e-08
385.0961787,3.76461000447075e-08
385.4720952,3.64418661145101e-08
385.8479661,3.69639672517941e-08
386.2237914,3.60490903996281e-08
386.5995711,3.51819007502087e-08
386.9753052,3.52849389282446e-08
387.3509936,3.51302844754495e-08
387.7266364,3.60370005082134e-08
388.1022337,3.63169653646323e-08
388.4777853,3.56844799075586e-08
388.8532912,3.510530958595e-08
389.2287516,3.58015848044019e-08
389.6041663,3.54010847428204e-08
389.9795354,3.55142054048024e-08
390.3548589,3.52183863866034e-08
390.7301367,3.45739310843457e-08
391.1053689,3.46022789505079e-08
391.4805555,3.49717409025764e-08
391.8556964,3.49379253955847e-08
392.2307918,3.4677509511485e-08
392.6058414,3.45211760303077e-08
392.9808455,3.43108512360069e-08
393.3558039,3.43431448328552e-08
393.7307166,3.37354191841495e-08
394.1055837,3.4294452602011e-08
394.4804052,3.34485661378822e-08
394.855181,3.39819473690726e-08
395.2299112,3.30981692093598e-08
395.6045957,3.32371400418629e-08
395.9792346,3.26347922510515e-08
396.3538278,3.26385370635824e-08
396.7283754,3.29717629221089e-08
397.1028773,3.30087268037447e-08
397.4773336,3.30023012433135e-08
397.8517442,3.21799206670509e-08
398.2261092,3.21376187443088e-08
398.6004285,3.22711472167333e-08
398.9747021,3.21822909930735e-08
399.3489301,3.23140693501242e-08
399.7231124,3.20386068863069e-08
400.097249,3.14411394046788e-08
400.47134,3.14388058418742e-08
400.8453853,3.14003965382312e-08
401.219385,3.12920431895571e-08
401.593339,3.10738019865007e-08
401.9672473,3.11289625498345e-08
402.3411099,3.10497434765448e-08
402.7149268,3.07054233794097e-08
403.0886981,3.1072103961093e-08
403.4624237,3.0836908422654e-08
403.8361037,3.08139915880917e-08
404.2097379,3.04438717538421e-08
404.5833265,3.07262228251814e-08
404.9568693,3.0206156373016e-08
405.3303665,2.99722692208924e-08
405.703818,2.99031213217753e-08
406.0772239,2.97019581317071e-08
406.450584,2.9622584663702e-08
406.8238984,2.9766606055687e-08
407.1971672,2.95105368995132e-08
407.5703902,2.96472075173881e-08
407.9435676,2.93247940646015e-08
408.3166993,2.95048368732237e-08
408.6897852,2.92084343670254e-08
409.0628255,2.90690710931189e-08
409.4358201,2.90193849361793e-08
409.808769,2.88054550878022e-08
410.1816721,2.89518358134187e-08
410.5545296,2.9163288439804e-08
410.9273414,2.86090399046253e-08
411.3001074,2.85942915672198e-08
411.6728278,2.84049080579597e-08
412.0455024,2.8308859552626e-08
412.4181313,2.82587376479586e-08
412.7907145,2.82706967513025e-08
413.163252,2.81175625362327e-08
413.5357438,2.75476670210821e-08
413.9081899,2.77279064127139e-08
414.2805902,2.72686547174806e-08
414.6529448,2.74722336529086e-08
415.0252538,2.73183368275452e-08
415.3975169,2.73007449993353e-08
415.7697344,2.73487883839728e-08
416.1419061,2.6979534272612e-08
416.5140321,2.7053689085626e-08
416.8861124,2.69194837278462e-08
417.258147,2.69591059893431e-08
417.6301358,2.67420835640519e-08
418.0020789,2.67117402200466e-08
418.3739762,2.65443836879633e-08
418.7458279,2.65936908222901e-08
419.1176337,2.65878784244335e-08
419.4893939,2.61799193433011e-08
419.8611083,2.61886536125142e-08
420.232777,2.63370182648308e-08
420.6043999,2.62331164807696e-08
420.9759771,2.59581856187348e-08
421.3475085,2.64126847475427e-08
421.7189942,2.58858031136515e-08
422.0904341,2.57221912278484e-08
422.4618283,2.57749219008032e-08
422.8331768,2.5744329881048e-08
423.2044794,2.56623116264625e-08
423.5757364,2.5358328295813e-08
423.9469476,2.53708539698425e-08
424.318113,2.52765297564501e-08
424.6892326,2.51100194665181e-08
425.0603066,2.51730423377586e-08
425.4313347,2.5192582244879e-08
425.8023171,2.49001068875289e-08
426.1732537,2.493130356148e-08
426.5441446,2.44746321487715e-08
426.9149897,2.47283454282848e-08
427.285789,2.46177130411538e-08
427.6565425,2.44988821420341e-08
428.0272503,2.45542243792155e-08
428.3979123,2.43751932174395e-08
428.7685286,2.45852535415404e-08
429.139099,2.42144058180635e-08
429.5096237,2.39827618553704e-08
429.8801026,2.40197803069294e-08
430.2505358,2.40324696569363e-08
430.6209231,2.38306934590189e-08
430.9912647,2.3721160731065e-08
431.3615605,2.37037653835412e-08
431.7318105,2.3819332840528e-08
432.1020147,2.36737174727395e-08
432.4721731,2.35781330655419e-08
432.8422858,2.3472454911716e-08
433.2123526,2.33283374545147e-08
433.5823737,2.31366069063962e-08
433.952349,2.29902791858908e-08
434.3222784,2.29189512565515e-08
434.6921621,2.29289863036371e-08
435.062,2.25453615500843e-08
435.4317921,2.24436476270877e-08
435.8015384,2.22116410915877e-08
436.1712389,2.24231883297593e-08
436.5408935,2.23411719212237e-08
436.9105024,2.21347554698441e-08
437.2800655,2.20390051634591e-08
437.6495827,2.21904862553816e-08
438.0190542,2.20270539882275e-08
438.3884798,2.21387812929116e-08
438.7578597,2.18133351431928e-08
439.1271937,2.19828814757107e-08
439.4964819,2.16980706945377e-08
439.8657243,2.14907379637284e-08
440.2349209,1.97058855230264e-08
440.6040716,1.94483335279422e-08
440.9731766,1.98344437643617e-08
441.3422357,1.92483334454965e-08
441.711249,1.91276044143342e-08
442.0802164,1.95923186211836e-08
442.4491381,1.99823311722059e-08
442.8180139,2.03792270127881e-08
443.1868439,2.07892666839884e-08
443.5556281,2.0445165412858e-08
443.9243664,2.00854913828189e-08
444.2930589,1.98716843928815e-08
444.6617056,2.01253332881632e-08
445.0303064,2.05118622701112e-08
445.3988614,2.05033349086316e-08
445.7673705,2.05583230339785e-08
446.1358338,2.07466481577371e-08
446.5042513,2.07437146658449e-08
446.872623,2.05180264621396e-08
447.2409487,2.07048130137877e-08
447.6092287,2.06408347497843e-08
447.9774628,2.05030845875374e-08
448.345651,2.04638986531232e-08
448.7137934,2.06252318929594e-08
449.08189,2.05656305398944e-08
449.4499407,2.04160194720234e-08
449.8179455,2.05191258453518e-08
450.1859045,2.04520345440036e-08
450.5538177,2.05691337629791e-08
450.9216849,2.0677883978431e-08
451.2895063,2.06266313578492e-08
451.6572819,2.05598241837788e-08
452.0250116,2.05465564090073e-08
452.3926954,2.04196841357321e-08
452.7603334,2.05529815526741e-08
453.1279255,2.0537671898582e-08
453.4954717,2.0327535545683e-08
453.8629721,2.04403072880771e-08
454.2304266,2.06645356496706e-08
454.5978352,2.02549253299331e-08
454.965198,1.92105927873581e-08
455.3325148,1.9328082638624e-08
455.6997858,2.02010199489969e-08
456.067011,2.04144339793115e-08
456.4341902,2.04321430340399e-08
456.8013236,2.02425076576629e-08
457.168411,2.02200073490008e-08
457.5354526,2.02309225331098e-08
457.9024484,2.03194632137e-08
458.2693982,2.02454441283718e-08
458.6363021,2.02163567678458e-08
459.0031602,1.98537977960531e-08
459.3699723,2.00408738247463e-08
459.7367386,1.98846271893184e-08
460.103459,1.99634402179557e-08
460.4701335,1.97000109979185e-08
460.8367621,1.96674858306248e-08
461.2033447,1.96449358129214e-08
461.5698815,1.95908032246327e-08
461.9363724,1.96038561307459e-08
462.3028174,1.95604499512509e-08
462.6692165,1.96301089749585e-08
463.0355697,1.93278017301804e-08
463.401877,1.93069759856393e-08
463.7681383,1.91698051077791e-08
464.1343538,1.91320903044338e-08
464.5005234,1.91318872724387e-08
464.866647,1.88792721237621e-08
465.2327247,1.89125160892149e-08
465.5987565,1.88407849677993e-08
465.9647424,1.85019111586092e-08
466.3306824,1.85450891706407e-08
466.6965765,1.85184225763298e-08
467.0624246,1.84635311904919e-08
467.4282269,1.8387739645239e-08
467.7939832,1.81350751890061e-08
468.1596936,1.81091860968673e-08
468.525358,1.78287386646475e-08
468.8909765,1.77482062698627e-08
469.2565491,1.76006764622489e-08
469.6220758,1.76150967102042e-08
469.9875565,1.73698269185968e-08
470.3529913,1.72621097684161e-08
470.7183802,1.72222013604292e-08
471.0837232,1.7032820931448e-08
471.4490202,1.68656643054008e-08
471.8142712,1.66466414188975e-08
472.1794763,1.67629152189501e-08
472.5446355,1.663877735515e-08
472.9097488,1.63679483185319e-08
473.2748161,1.62672508525379e-08
473.6398374,1.61070046567598e-08
474.0048128,1.59767757634707e-08
474.3697423,1.57156807510951e-08
474.7346258,1.56699573670972e-08
475.0994633,1.55536146538664e-08
475.464255,1.54305129754626e-08
475.8290006,1.53219237269156e-08
476.1937003,1.51404336456709e-08
476.558354,1.49845516132561e-08
476.9229618,1.48488948883329e-08
477.2875237,1.47054026069749e-08
477.6520395,1.45938189654939e-08
478.0165094,1.43427358893485e-08
478.3809334,1.41768092903915e-08
478.7453113,1.41379730360628e-08
479.1096433,1.39185709084903e-08
479.4739294,1.3788493285795e-08
479.8381695,1.35690416551363e-08
480.2023636,1.3556149921665e-08
480.5665117,1.33218724507293e-08
480.9306139,1.32770588924668e-08
481.29467,1.31313199964622e-08
481.6586802,1.29082304128767e-08
482.0226445,1.28653000171686e-08
482.3865627,1.26322542309402e-08
482.750435,1.25338162702629e-08
483.1142613,1.23992754927937e-08
483.4780416,1.22576080596911e-08
483.8417759,1.21199739976696e-08
484.2054642,1.2047531761145e-08
484.5691066,1.18388635328964e-08
484.932703,1.1747860890328e-08
485.2962533,1.1663603394124e-08
485.6597577,1.1518399524466e-08
486.0232161,1.13926754814768e-08
486.3866285,1.1357447648726e-08
486.7499949,1.12180877482151e-08
487.1133153,1.11129987163809e-08
487.4765897,1.09432232494751e-08
487.8398181,1.08497515662181e-08
488.2030005,1.08160167613168e-08
488.5661369,1.06958435573201e-08
488.9292273,1.06302900754343e-08
489.2922716,1.04884728095593e-08
489.65527,1.04884276526315e-08
490.0182224,1.03473609181088e-08
490.3811288,1.02581177834545e-08
490.7439891,1.02390998439401e-08
491.1068034,1.00862917482732e-08
491.4695718,1.00777224647969e-08
491.8322941,9.98912998316889e-09
492.1949704,9.92745187594634e-09
492.5576006,9.85171672434311e-09
492.9201849,9.79501559818175e-09
493.2827231,9.75825023547612e-09
493.6452153,9.7147782583142e-09
494.0076615,9.64196372480078e-09
494.3700617,9.58304591337204e-09
494.7324158,9.51325101827479e-09
495.0947239,9.50883520126401e-09
495.456986,9.43882137652449e-09
495.8192021,9.36928910464772e-09
496.1813721,9.32689151609793e-09
496.543496,9.33178613542556e-09
496.905574,9.27759038406024e-09
497.2676059,9.24776824024318e-09
497.6295918,9.20452444620564e-09
497.9915316,9.14696181761429e-09
498.3534254,9.11901806667792e-09
498.7152731,9.10297298833066e-09
499.0770748,9.07401866649085e-09
499.4388305,9.02197960912431e-09
499.8005401,9.00314385615618e-09
500.1622037,8.98388324195308e-09
500.5238212,8.94539065851661e-09
500.8853927,8.94330422257391e-09
501.2469181,8.94559910106959e-09
501.6083974,8.89163894298941e-09
501.9698307,8.88765125072154e-09
502.331218,8.86021260843988e-09
502.6925592,8.8544585396554e-09
503.0538543,8.80214984319293e-09
503.4151034,8.82937477570334e-09
503.7763064,8.78869915945522e-09
504.1374633,8.78316354253914e-09
504.4985742,8.77114448794676e-09
504.859639,8.75020098670711e-09
505.2206578,8.72403815437502e-09
505.5816305,8.73198011971632e-09
505.9425571,8.70580359353736e-09
506.3034376,8.69054757419166e-09
506.6642721,8.69429623702097e-09
507.0250605,8.67645055803392e-09
507.3858028,8.6796412068565e-09
507.746499,8.67706979324431e-09
508.1071492,8.67666652482787e-09
508.4677533,8.65304776095535e-09
508.8283113,8.65663442574864e-09
509.1888232,8.63202463759281e-09
509.549289,8.62753800243658e-09
509.9097087,8.61082280138509e-09
510.2700824,8.64159160089856e-09
510.63041,8.59241754397556e-09
510.9906914,8.56832205759103e-09
511.3509268,8.58628308632433e-09
511.7111161,8.56730889910403e-09
512.0712593,8.57907077449558e-09
512.4313564,8.57280714517133e-09
512.7914074,8.54915578653339e-09
513.1514123,8.56266420735133e-09
513.5113711,8.56077987315404e-09
513.8712838,8.52238536894762e-09
514.2311504,8.53693837342460e-09
514.5909709,8.51406434223115e-09
514.9507453,8.48936882007321e-09
515.3104736,8.5159625213553e-09
515.6701558,8.49193188521403e-09
516.0297919,8.50030046786374e-09
516.3893818,8.49333066444912e-09
516.7489257,8.4831669940809e-09
517.1084234,8.49137673252833e-09
517.467875,8.49750156456067e-09
517.8272805,8.49284118515273e-09
518.1866399,8.48414258094458e-09
518.5459531,8.4825543569985e-09
518.9052203,8.4938549143498e-09
519.2644413,8.46067661522616e-09
519.6236162,8.47616963040027e-09
519.982745,8.47749306754553e-09
520.3418276,8.44115897673749e-09
520.7008641,8.43727849375463e-09
521.0598545,8.45478228907827e-09
521.4187988,8.42114678986921e-09
521.7776969,8.43652956331331e-09
522.1365489,8.43317652807993e-09
522.4953547,8.40454629403443e-09
522.8541144,8.41940700340758e-09
523.212828,8.40832974677262e-09
523.5714954,8.39462101324311e-09
523.9301167,8.3809187197339e-09
524.2886919,8.43117604894153e-09
524.6472209,8.39429076860367e-09
525.0057038,8.40378289108214e-09
525.3641405,8.38608643009718e-09
525.7225311,8.36602656353325e-09
526.0808755,8.36161142945393e-09
526.4391738,8.39835599030726e-09
526.7974259,8.37535681694183e-09
527.1556318,8.3681888441774e-09
527.5137917,8.32511689464839e-09
527.8719053,8.34468160456929e-09
528.2299728,8.30556573173603e-09
528.5879941,8.30688365506843e-09
528.9459693,8.3079369076492e-09
529.3038983,8.33792390894758e-09
529.6617812,8.31196413039371e-09
530.0196179,8.30972714735500e-09
530.3774084,8.31118255492363e-09
530.7351528,8.29176663060833e-09
531.0928509,8.28382393769891e-09
531.450503,8.26089857559247e-09
531.8081088,8.26251283638075e-09
532.1656685,8.25574973498162e-09
532.523182,8.24660255292690e-09
532.8806493,8.23843640921764e-09
533.2380704,8.25238116741446e-09
533.5954454,8.26945528325463e-09
533.9527742,8.22661601437222e-09
534.3100568,8.22343767915485e-09
534.6672932,8.25538695653868e-09
535.0244834,8.21559333079839e-09
535.3816275,8.23565587708155e-09
535.7387253,8.20000660465709e-09
536.095777,8.2265767895842e-09
536.4527825,8.20479934799975e-09
536.8097418,8.18550651929003e-09
537.1666549,8.2170104962433e-09
537.5235218,8.23072599117065e-09
537.8803425,8.21258193750207e-09
538.237117,8.17280538565293e-09
538.5938453,8.20100960547471e-09
538.9505274,8.18038674001735e-09
539.3071633,8.19284312770332e-09
539.663753,8.18415322959069e-09
540.0202966,8.19922162710025e-09
540.3767938,8.20348485170212e-09
540.7332449,8.15918438909273e-09
541.0896498,8.19382761680678e-09
541.4460085,8.17489117252644e-09
541.802321,8.1991089752168e-09
542.1585872,8.17586773741014e-09
542.5148072,8.17723798829715e-09
542.8709811,8.17487807213186e-09
543.2271087,8.17447425348787e-09
543.5831901,8.17333083953909e-09
543.9392252,8.18864185765397e-09
544.2952142,8.17587910668962e-09
544.6511569,8.18900987036634e-09
545.0070534,8.18798871884073e-09
545.3629037,8.22045154167036e-09
545.7187077,8.18163340519538e-09
546.0744655,8.17036418000669e-09
546.4301771,8.21917949023889e-09
546.7858425,8.19069020602984e-09
547.1414616,8.18970871346112e-09
547.4970345,8.17535406867084e-09
547.8525611,8.16571109323032e-09
548.2080416,8.17669103205673e-09
548.5634757,8.16704993725284e-09
548.9188637,8.18689291467425e-09
549.2742054,8.19150910224859e-09
549.6295008,8.18917694369807e-09
549.9847501,8.19097184814624e-09
550.339953,8.16354918181024e-09
550.6951098,8.19399776988616e-09
551.0502202,8.18991307690926e-09
551.4052845,8.17677789397413e-09
551.7603024,8.1948177537752e-09
552.1152742,8.20274444404124e-09
552.4701996,8.2126049237377e-09
552.8250788,8.21074590885847e-09
553.1799118,8.22258435147095e-09
553.5346985,8.24045032524035e-09
553.889439,8.24232362062845e-09
554.2441331,8.23687547866726e-09
554.5987811,8.25813250571926e-09
554.9533827,8.26865848545477e-09
555.3079381,8.25544910069969e-09
555.6624472,8.25995814586751e-09
556.0169101,8.29587902715167e-09
556.3713267,8.2876902756259e-09
556.725697,8.29207278983724e-09
557.0800211,8.29253929097504e-09
557.4342988,8.3107887263966e-09
557.7885303,8.33335983233243e-09
558.1427156,8.31227483977047e-09
558.4968545,8.32219965141276e-09
558.8509472,8.35711878972689e-09
559.2049936,8.33349542825733e-09
559.5589937,8.35705942082874e-09
559.9129475,8.34945187279452e-09
560.266855,8.34013706613619e-09
560.6207163,8.39721437369406e-09
560.9745312,8.39430168201077e-09
561.3282999,8.36540288401682e-09
561.6820223,8.39709155473053e-09
562.0356984,8.395798816796e-09
562.3893282,8.41357504930595e-09
562.7429117,8.42878667683591e-09
563.0964489,8.42964331639691e-09
563.4499398,8.45110680488267e-09
563.8033845,8.44856626721909e-09
564.1567828,8.46453164954056e-09
564.5101348,8.4535885082069e-09
564.8634405,8.46178767107521e-09
565.2166999,8.47848968560279e-09
565.569913,8.46336717480752e-09
565.9230798,8.51403105459766e-09
566.2762003,8.52108689015408e-09
566.6292745,8.51562247756952e-09
566.9823023,8.52904229837938e-09
567.3352839,8.52958519274886e-09
567.6882191,8.5670873445653e-09
568.0411081,8.54550016526794e-09
568.3939507,8.58261155298664e-09
568.746747,8.58271507120691e-09
569.0994969,8.58518321304332e-09
569.4522006,8.63931626812193e-09
569.8048579,8.6281704950927e-09
570.1574689,8.64900005661473e-09
570.5100336,8.64263799664108e-09
570.8625519,8.68543392578855e-09
571.215024,8.67189951943729e-09
571.5674496,8.65041072646966e-09
571.919829,8.70570369208377e-09
572.272162,8.70942312784375e-09
572.6244487,8.69755472114579e-09
572.9766891,8.72191778878834e-09
573.3288831,8.74752625845228e-09
573.6810308,8.74626652762939e-09
574.0331321,8.77788777572523e-09
574.3851872,8.80658222139036e-09
574.7371958,8.79296568503733e-09
575.0891581,8.8246562053623e-09
575.4410741,8.85018112991420e-09
575.7929437,8.85052234084328e-09
576.144767,8.86808561188446e-09
576.496544,8.85223419464405e-09
576.8482745,8.88648294620281e-09
577.1999588,8.89499660660404e-09
577.5515966,8.91587753085034e-09
577.9031882,8.9366178228014e-09
578.2547333,8.94653958364858e-09
578.6062321,8.92983304299914e-09
578.9576846,9.00086052171866e-09
579.3090907,8.97052705859715e-09
579.6604504,8.98433236312474e-09
580.0117637,8.98438738275823e-09
580.3630307,9.03950629620724e-09
580.7142514,9.03912485614722e-09
581.0654256,9.08040154661031e-09
581.4165535,9.07738418900705e-09
581.7676351,9.06608523045685e-09
582.1186702,9.08986478817395e-09
582.469659,9.10040462508861e-09
582.8206014,9.13754045226736e-09
583.1714974,9.10665972813346e-09
583.5223471,9.12841493254589e-09
583.8731503,9.16645741570288e-09
584.2239072,9.19975458524803e-09
584.5746177,9.18710632044397e-09
584.9252819,9.22350646360687e-09
585.2758996,9.22506401732774e-09
585.626471,9.23644589056719e-09
585.9769959,9.23773856436903e-09
586.3274745,9.26600443456193e-09
586.6779067,9.28824558174727e-09
587.0282925,9.32563828001465e-09
587.3786319,9.31870202692729e-09
587.7289249,9.28446913672449e-09
588.0791715,9.35104083135981e-09
588.4293718,9.37140148858257e-09
588.7795256,9.37351434329802e-09
589.129633,9.41747407013766e-09
589.479694,9.39369087147145e-09
589.8297086,9.42364249223962e-09
590.1796768,9.44033991509285e-09
590.5295987,9.44248364253755e-09
590.879474,9.46182686899528e-09
591.229303,9.47251196960077e-09
591.5790856,9.46343436336254e-09
591.9288218,9.50072961768354e-09
592.2785115,9.52130943910144e-09
592.6281549,9.51168136881701e-09
592.9777518,9.52532513324055e-09
593.3273023,9.57352294842665e-09
593.6768064,9.58113448248791e-09
594.0262641,9.59864189789937e-09
594.3756753,9.59973642055773e-09
594.7250402,9.62186562558194e-09
595.0743586,9.62571826949844e-09
595.4236306,9.66170187034303e-09
595.7728561,9.64327350348418e-09
596.1220352,9.66239588976985e-09
596.4711679,9.63256013114778e-09
596.8202542,9.73977349954301e-09
597.169294,9.74069195829609e-09
597.5182874,9.72733737000187e-09
597.8672344,9.75119736521782e-09
598.2161349,9.70071715352953e-09
598.564989,9.80256581103406e-09
598.9137967,9.8110962357441e-09
599.2625579,9.77537517714507e-09
599.6112726,9.81815872828568e-09
599.959941,9.82265878860219e-09
600.3085628,9.78857512507491e-09
600.6571383,9.87057762097808e-09
601.0056672,9.85443014240014e-09
601.3541498,9.88579620441911e-09
601.7025859,9.84853106537213e-09
602.0509755,9.8439281432282e-09
602.3993187,9.85727479292548e-09
602.7476154,9.92960035888887e-09
603.0958657,9.9281707589087e-09
603.4440695,9.91706255954215e-09
603.7922268,9.89712428959875e-09
604.1403377,9.89871638550758e-09
604.4884021,9.99784554501127e-09
604.8364201,1.00003372096011e-08
605.1843916,9.97665387906053e-09
605.5323166,9.99450156735912e-09
605.8801952,9.93983102675275e-09
606.2280273,9.96717710250016e-09
606.5758129,9.95552770129921e-09
606.9235521,1.00482297143153e-08
607.2712448,1.00628920911408e-08
607.618891,1.00163710611174e-08
607.9664907,1.00414741388019e-08
608.3140439,1.00572101822042e-08
608.6615507,1.00160817913142e-08
609.009011,1.01306572115324e-08
609.3564248,1.01319959974792e-08
609.7037922,1.01173357183022e-08
610.051113,1.01255256282297e-08
610.3983874,1.01181505662917e-08
610.7456152,1.01117052750915e-08
611.0927966,1.00935609624213e-08
611.4399315,1.02201851772178e-08
611.7870199,1.02141618526719e-08
612.1340618,1.02270087444494e-08
612.4810572,1.02345124480475e-08
612.8280061,1.01929074151868e-08
613.1749086,1.02318656257222e-08
613.5217645,1.0220981429159e-08
613.8685739,1.02950830989884e-08
614.2153368,1.03544723594423e-08
614.5620533,1.028075368505e-08
614.9087232,1.03076058935096e-08
615.2553466,1.03162919570121e-08
615.6019235,1.03277663897816e-08
615.9484539,1.04479022850626e-08
616.2949378,1.04255293409494e-08
616.6413751,1.0455728979193e-08
616.987766,1.04146565552847e-08
617.3341103,1.04517134191171e-08
617.6804082,1.04299249466314e-08
618.0266595,1.04665499011451e-08
618.3728643,1.05524428211642e-08
618.7190225,1.05641539339051e-08
619.0651343,1.05780440654016e-08
619.4111995,1.05645742348099e-08
619.7572182,1.06004572378485e-08
620.1031904,1.05880177503605e-08
620.4491161,1.06201008416345e-08
620.7949952,1.07129013092642e-08
621.1408278,1.0713520550094e-08
621.4866139,1.07049401662892e-08
621.8323534,1.07034825575277e-08
622.1780464,1.0758031950525e-08
622.5236929,1.07656384595632e-08
622.8692928,1.08747400023386e-08
623.2148462,1.09030425293806e-08
623.560353,1.08850817926465e-08
623.9058133,1.08730823430676e-08
624.2512271,1.08817080594829e-08
624.5965943,1.09068637587373e-08
624.941915,1.1024245251669e-08
625.2871891,1.10222566023981e-08
625.6324167,1.10189274878588e-08
625.9775978,1.10567327939415e-08
626.3227323,1.10554770568369e-08
626.6678202,1.10804061812279e-08
627.0128616,1.10702089149075e-08
627.3578564,1.12103949805924e-08
627.7028047,1.1211667327291e-08
628.0477064,1.12196086410008e-08
628.3925615,1.12118268421312e-08
628.7373701,1.1262187948922e-08
629.0821321,1.12548029953791e-08
629.4268476,1.13514932314184e-08
629.7715165,1.13427443212657e-08
630.1161388,1.13837535180582e-08
630.4607146,1.1383750702015e-08
630.8052438,1.14077408621983e-08
631.1497264,1.14110972650646e-08
631.4941625,1.15133131293144e-08
631.838552,1.15285283700663e-08
632.1828949,1.1523166674681e-08
632.5271912,1.15765193326587e-08
632.871441,1.1555884674466e-08
633.2156441,1.15993843123784e-08
633.5598007,1.1578636446991e-08
633.9039107,1.16812095082123e-08
634.2479742,1.17177264034628e-08
634.591991,1.17374869784007e-08
634.9359613,1.17201013511269e-08
635.279885,1.17305489829116e-08
635.623762,1.18023683059e-08
635.9675925,1.18564720912168e-08
636.3113764,1.18656711963835e-08
636.6551137,1.19023757976749e-08
636.9988045,1.18981992143301e-08
637.3424486,1.19227316721183e-08
637.6860461,1.19283475163358e-08
638.029597,1.19227998954675e-08
638.3731013,1.2054971298825e-08
638.7165591,1.20831261879353e-08
639.0599702,1.2100750963424e-08
639.4033347,1.20998815347373e-08
639.7466526,1.21036867978345e-08
640.0899239,1.21144067242122e-08
640.4331486,1.22457359415425e-08
640.7763267,1.22571460480093e-08
641.1194582,1.22617625984252e-08
641.462543,1.22577996715549e-08
641.8055813,1.23108335080551e-08
642.1485729,1.23248950047325e-08
642.4915179,1.23048412748437e-08
642.8344163,1.23088036889026e-08
643.1772681,1.24162089203638e-08
643.5200732,1.24467350697046e-08
643.8628318,1.24805797045851e-08
644.2055437,1.24477582090346e-08
644.548209,1.24981665719182e-08
644.8908276,1.25285315246604e-08
645.2333996,1.25228219456463e-08
645.575925,1.25881683359331e-08
645.9184038,1.26379862490607e-08
646.2608359,1.26451627873332e-08
646.6032214,1.26699291134081e-08
646.9455603,1.270837549582e-08
647.2878525,1.26724500888783e-08
647.6300981,1.26705864132087e-08
647.9722971,1.26967196254638e-08
648.3144494,1.2833376330855e-08
648.6565551,1.28264584449191e-08
648.9986141,1.28470569415208e-08
649.3406265,1.28908187018742e-08
649.6825922,1.2875414991325e-08
650.0245113,1.28931471324576e-08
650.3663837,1.29068686757071e-08
650.7082095,1.29076921253131e-08
651.0499886,1.30302730027942e-08
651.3917211,1.30262682165886e-08
651.733407,1.30871599802329e-08
652.0750461,1.3069903488325e-08
652.4166386,1.30954090141081e-08
652.7581845,1.30722368153614e-08
653.0996837,1.31339758637315e-08
653.4411362,1.31862209610995e-08
653.7825421,1.32382241133048e-08
654.1239013,1.32881864996328e-08
654.4652138,1.32949573674471e-08
654.8064797,1.32652371873608e-08
655.1476989,1.33197191365124e-08
655.4888714,1.32982747385852e-08
655.8299973,1.34231578893845e-08
656.1710764,1.34618639094722e-08
656.5121089,1.3453738076033e-08
656.8530948,1.34929183331212e-08
657.1940339,1.34929049747803e-08
657.5349264,1.35625038146521e-08
657.8757722,1.35181511742829e-08
658.2165713,1.36501554863403e-08
658.5573237,1.367156910541e-08
658.8980295,1.37009251114607e-08
659.2386886,1.37235223602541e-08
659.5793009,1.37552981264064e-08
659.9198666,1.376279878365e-08
660.2603856,1.37809318410571e-08
660.6008579,1.38180441951117e-08
660.9412835,1.38922117770821e-08
661.2816624,1.39625925701991e-08
661.6219946,1.39384051286873e-08
661.9622802,1.39711516286134e-08
662.302519,1.40144339019595e-08
662.6427111,1.40475266423761e-08
662.9828565,1.40376643451321e-08
663.3229553,1.40707464875076e-08
663.6630073,1.40844462382995e-08
664.0030126,1.4180960589548e-08
664.3429712,1.42568706068783e-08
664.6828831,1.42930865857669e-08
665.0227483,1.42885398133704e-08
665.3625667,1.42986556205625e-08
665.7023385,1.43105034989135e-08
666.0420635,1.43881610046058e-08
666.3817419,1.43784313106013e-08
666.7213735,1.45426276568381e-08
667.0609584,1.45656259194546e-08
667.4004966,1.46069944367138e-08
667.739988,1.46413022293055e-08
668.0794327,1.46757957968905e-08
668.4188307,1.46669696741851e-08
668.758182,1.4777199660095e-08
669.0974866,1.47376966538398e-08
669.4367444,1.49070496239202e-08
669.7759555,1.49148006260645e-08
670.1151199,1.4927222660746e-08
670.4542375,1.49852210939952e-08
670.7933084,1.49825055353778e-08
671.1323326,1.50756383577795e-08
671.47131,1.50630420781633e-08
671.8102407,1.51869678187818e-08
672.1491246,1.52523608636032e-08
672.4879619,1.52164094202838e-08
672.8267523,1.52441830576641e-08
673.1654961,1.52940427496128e-08
673.504193,1.533206474338e-08
673.8428433,1.53500669048066e-08
674.1814467,1.53940305783733e-08
674.5200035,1.54841624610897e-08
674.8585135,1.55557653883793e-08
675.1969767,1.5588590694194e-08
675.5353932,1.56328631845355e-08
675.8737629,1.56547784769414e-08
676.2120859,1.57070765158442e-08
676.5503621,1.57218506505837e-08
676.8885915,1.58853795843629e-08
677.2267742,1.58868509528809e-08
677.5649102,1.59388790419498e-08
677.9029993,1.6010126885606e-08
678.2410417,1.60144282377769e-08
678.5790374,1.60184752659127e-08
678.9169862,1.60343588134029e-08
679.2548883,1.62296017678791e-08
679.5927436,1.62340474371402e-08
679.9305522,1.6299702863502e-08
680.268314,1.63578678146348e-08
680.606029,1.63501331310673e-08
680.9436972,1.63964034912091e-08
681.2813187,1.64572985103732e-08
681.6188933,1.65003599911571e-08
681.9564212,1.64343942003064e-08
682.2939024,1.65895127877847e-08
682.6313367,1.6720940131774e-08
682.9687242,1.67520141982666e-08
683.306065,1.67977193564861e-08
683.643359,1.68469030426222e-08
683.9806061,1.68525096550171e-08
684.3178065,1.69091332673279e-08
684.6549601,1.69487474326492e-08
684.9920669,1.69493964681199e-08
685.329127,1.69957654684278e-08
685.6661402,1.72112340552777e-08
686.0031066,1.72489466545865e-08
686.3400262,1.7297399255773e-08
686.676899,1.73554719996927e-08
687.0137251,1.73614709988974e-08
687.3505043,1.74336521804719e-08
687.6872367,1.744764450649e-08
688.0239223,1.75135956862704e-08
688.3605611,1.75893103809018e-08
688.6971531,1.77150255776563e-08
689.0336983,1.77524379443779e-08
689.3701966,1.78078384018639e-08
689.7066482,1.78672785792273e-08
690.043053,1.78875333578635e-08
690.3794109,1.79109217589426e-08
690.715722,1.80517613780978e-08
691.0519863,1.79939642884964e-08
691.3882038,1.82156365735435e-08
691.7243744,1.82261744794788e-08
692.0604982,1.82817969278653e-08
692.3965752,1.82863077200062e-08
692.7326054,1.83662072626056e-08
693.0685888,1.83721173424967e-08
693.4045253,1.83852426369546e-08
693.740415,1.85142045246037e-08
694.0762579,1.85072876557966e-08
694.4120539,1.86711841622595e-08
694.7478031,1.87698694974204e-08
695.0835055,1.87265923573665e-08
695.419161,1.88602571476887e-08
695.7547697,1.88831860181035e-08
696.0903315,1.89195289745954e-08
696.4258465,1.89769361560575e-08
696.7613147,1.90378934366848e-08
697.096736,1.90567465204051e-08
697.4321105,1.92723911317537e-08
697.7674381,1.92567896600752e-08
698.1027189,1.93400166352425e-08
698.4379529,1.9370055794636e-08
698.7731399,1.93436233036039e-08
699.1082802,1.94111824388524e-08
699.4433735,1.95445858255749e-08
699.7784201,1.95034015681628e-08
700.1134197,1.96006375094492e-08
700.4483725,1.9751509601535e-08
700.7832785,1.97761580851391e-08
701.1181376,1.98350455634857e-08
701.4529498,1.99305338490487e-08
701.7877152,1.99558481752743e-08
702.1224337,1.99575491407502e-08
702.4571053,2.00487083037788e-08
702.7917301,1.99912251783964e-08
703.126308,2.00697305350034e-08
703.460839,2.03194763509143e-08
703.7953231,2.03337095576677e-08
704.1297604,2.03501100469974e-08
704.4641508,2.04241625488085e-08
704.7984944,2.04904957350948e-08
705.132791,2.05685540128251e-08
705.4670408,2.05214540866179e-08
705.8012437,2.06228730995959e-08
706.1353997,2.06189081340971e-08
706.4695088,2.08441954279264e-08
706.8035711,2.08253347160203e-08
707.1375864,2.0944358949406e-08
707.4715549,2.09236476266024e-08
707.8054765,2.09931853619963e-08
708.1393512,2.10629421929937e-08
708.4731789,2.11038812138795e-08
708.8069599,2.11707464484322e-08
709.1406939,2.1149141365665e-08
709.474381,2.13942858363118e-08
709.8080212,2.14519492740955e-08
710.1416145,2.14982987498259e-08
710.4751609,2.15298469980032e-08
710.8086605,2.14436352832873e-08
711.1421131,2.15651799767718e-08
711.4755188,2.15459379916379e-08
711.8088776,2.15942375828157e-08
712.1421895,2.16354495033146e-08
712.4754545,2.18762059786612e-08
712.8086726,2.18969437841747e-08
713.1418437,2.19944136432487e-08
713.474968,2.1978144425931e-08
713.8080453,2.20187710158501e-08
714.1410758,2.20523352161545e-08
714.4740593,2.21393696524187e-08
714.8069959,2.21514242989242e-08
715.1398855,2.22047155225657e-08
715.4727283,2.22308263881675e-08
715.8055241,2.24228501026366e-08
716.138273,2.24780982565106e-08
716.470975,2.2538232247347e-08
716.80363,2.25913828508472e-08
717.1362382,2.25616573897784e-08
717.4687994,2.26991922285434e-08
717.8013136,2.27191432222126e-08
718.1337809,2.27348508904714e-08
718.4662013,2.2771640175078e-08
718.7985748,2.28343889608342e-08
719.1309013,2.28813860050778e-08
719.4631809,2.30627409192331e-08
719.7954136,2.30303768434097e-08
720.1275993,2.31679347758172e-08
720.459738,2.31742685351809e-08
720.7918299,2.31841656045625e-08
721.1238747,2.31809454999228e-08
721.4558727,2.32642469976248e-08
721.7878236,2.33615468703723e-08
722.1197277,2.32774561485328e-08
722.4515847,2.3384925246839e-08
722.7833949,2.35612198601921e-08
723.1151581,2.36232613289772e-08
723.4468743,2.36990459835116e-08
723.7785435,2.37227160479164e-08
724.1101658,2.37619500191545e-08
724.4417412,2.38195438055034e-08
724.7732696,2.38983817826636e-08
725.104751,2.39013165479383e-08
725.4361855,2.39176293165053e-08
725.767573,2.40928298989365e-08
726.0989135,2.41760405087273e-08
726.430207,2.42469112893133e-08
726.7614536,2.43310328577971e-08
727.0926533,2.43315636197971e-08
727.4238059,2.44677535703169e-08
727.7549116,2.44444531082579e-08
728.0859703,2.45193682073982e-08
728.416982,2.45319146512947e-08
728.7479468,2.44909165767636e-08
729.0788645,2.46460994120696e-08
729.4097353,2.48404787081567e-08
729.7405591,2.49076205954886e-08
730.0713359,2.49045742153657e-08
730.4020658,2.49735511928149e-08
730.7327486,2.50944538772343e-08
731.0633845,2.50297716234059e-08
731.3939734,2.51390900368972e-08
731.7245153,2.51362206423649e-08
732.0550102,2.51374495177002e-08
732.3854581,2.52372255488448e-08
732.715859,2.54893417478426e-08
733.0462129,2.54817195630731e-08
733.3765198,2.55518951880481e-08
733.7067797,2.5665741432961e-08
734.0369926,2.57049369791904e-08
734.3671586,2.57547953089745e-08
734.6972775,2.58161742194453e-08
735.0273494,2.59032671471617e-08
735.3573743,2.59562438350956e-08
735.6873522,2.60427140917591e-08
736.0172831,2.60588837106446e-08
736.3471669,2.62437745252364e-08
736.6770038,2.62718262518124e-08
737.0067937,2.6385210477466e-08
737.3365365,2.65045860019051e-08
737.6662323,2.64877209085863e-08
737.9958811,2.66236304623602e-08
738.3254829,2.66013497811239e-08
738.6550377,2.6783213794407e-08
738.9845454,2.6725283609035e-08
739.3140061,2.69043857526024e-08
739.6434198,2.68451952606782e-08
739.9727865,2.69955560889648e-08
740.3021062,2.72383939819571e-08
740.6313788,2.72413746254871e-08
740.9606044,2.73760160240756e-08
741.2897829,2.74422438969155e-08
741.6189145,2.74922987494084e-08
741.947999,2.76429040573007e-08
742.2770364,2.76315083081374e-08
742.6060268,2.77883891690782e-08
742.9349702,2.78183616703852e-08
743.2638666,2.79394948623007e-08
743.5927159,2.79211288554105e-08
743.9215181,2.80535502268474e-08
744.2502733,2.82475771408279e-08
744.5789815,2.83200660268691e-08
744.9076426,2.84380371370938e-08
745.2362567,2.85551183961358e-08
745.5648237,2.86045920203842e-08
745.8933437,2.87029808884513e-08
746.2218166,2.86908779340783e-08
746.5502425,2.87709861862468e-08
746.8786213,2.89469892898526e-08
747.2069531,2.90224137299084e-08
747.5352378,2.90998043212352e-08
747.8634754,2.91136168945463e-08
748.191666,2.92724872267058e-08
748.5198095,2.95632086488146e-08
748.847906,2.94826571912486e-08
749.1759554,2.97637485264915e-08
749.5039577,2.97011425912232e-08
749.831913,2.98269482569597e-08
750.1598211,2.98765843831693e-08
750.4876823,2.99304766419608e-08
750.8154963,3.01569036495401e-08
751.1432633,3.01290312231227e-08
751.4709832,3.03369681727375e-08
751.798656,3.0312774795283e-08
752.1262817,3.04710007718574e-08
752.4538604,3.04578019217471e-08
752.781392,3.0799284961217e-08
753.1088765,3.09249226910458e-08
753.4363139,3.09799780819175e-08
753.7637043,3.1142736086031e-08
754.0910475,3.11860079493685e-08
754.4183437,3.12345849318627e-08
754.7455927,3.13862001843948e-08
755.0727947,3.146445130079e-08
755.3999496,3.1506295430944e-08
755.7270574,3.17838071423188e-08
756.0541181,3.16614896536001e-08
756.3811317,3.18283342067977e-08
756.7080982,3.19509229540899e-08
757.0350176,3.2019066424258e-08
757.36189,3.209463493486e-08
757.6887152,3.23407102230644e-08
758.0154933,3.25404155060985e-08
758.3422243,3.25340108268501e-08
758.6689082,3.27521686869009e-08
758.995545,3.2980897362565e-08
759.3221346,3.30933735163169e-08
759.6486772,3.31763860849537e-08
759.9751727,3.32407837516131e-08
760.301621,3.34037992288713e-08
760.6280223,3.36335785375062e-08
760.9543764,3.37159358704284e-08
761.2806834,3.3774201534191e-08
761.6069433,3.37617216048476e-08
761.933156,3.39902073614468e-08
762.2593217,3.40360305957681e-08
762.5854402,3.40959051657904e-08
762.9115116,3.43905115789045e-08
763.2375359,3.44035492149444e-08
763.563513,3.45861226460184e-08
763.889443,3.45856428915667e-08
764.2153259,3.47461567579476e-08
764.5411616,3.48486049713848e-08
764.8669503,3.51504624775642e-08
765.1926918,3.53263208908764e-08
765.5183861,3.53046751183244e-08
765.8440333,3.55938315981073e-08
766.1696334,3.5615319480308e-08
766.4951863,3.56932937746903e-08
766.8206921,3.57388976852629e-08
767.1461508,3.57628446115919e-08
767.4715623,3.59629749817197e-08
767.7969267,3.62056657626897e-08
768.1222439,3.62296303459797e-08
768.447514,3.62188440039743e-08
768.7727369,3.64816368736173e-08
769.0979127,3.66734934402141e-08
769.4230413,3.669678230546e-08
769.7481227,3.67972168651338e-08
770.073157,3.69599924882534e-08
770.3981442,3.72894782390269e-08
770.7230842,3.72610400391157e-08
771.047977,3.74595691349941e-08
771.3728227,3.7512648653967e-08
771.6976212,3.75913535484805e-08
772.0223726,3.7906482329343e-08
772.3470768,3.78289123028299e-08
772.6717338,3.8078611879842e-08
772.9963436,3.84704100148239e-08
773.3209063,3.85169582087767e-08
773.6454218,3.86659914826366e-08
773.9698902,3.88611162718375e-08
774.2943113,3.89695240453459e-08
774.6186853,3.92587255324159e-08
774.9430121,3.9336943912836e-08
775.2672918,3.9342088373516e-08
775.5915242,3.95438484053915e-08
775.9157095,3.95662501042379e-08
776.2398476,3.96960600000004e-08
776.5639385,3.97254384833619e-08
776.8879823,3.98394858075324e-08
777.2119788,3.99903098051645e-08
777.5359282,3.99579667630027e-08
777.8598303,4.00897157653256e-08
778.1836853,4.02517768359075e-08
778.5074931,4.00818558267673e-08
778.8312537,4.02723989390955e-08
779.1549671,4.02721310964775e-08
779.4786333,4.04312669042995e-08
779.8022523,4.03684800101974e-08
780.1258241,4.0345108633007e-08
780.4493487,4.04851359829789e-08
780.7728261,4.04713360064485e-08
781.0962563,4.05895579327873e-08
781.4196393,4.05686365229687e-08
781.7429751,4.06523916687577e-08
782.0662637,4.06774574386418e-08
782.3895051,4.05664747464493e-08
782.7126992,4.06339217612214e-08
783.0358462,4.0873355509383e-08
783.3589459,4.09928617508725e-08
783.6819985,4.09871625460061e-08
784.0050038,4.1034697190642e-08
784.3279619,4.0860970180093e-08
784.6508727,4.10841820826897e-08
784.9737364,4.10155592358838e-08
785.2965528,4.10776557330593e-08
785.619322,4.14048815053793e-08
785.942044,4.13269889839905e-08
786.2647188,4.13391468463847e-08
786.5873463,4.13688453050133e-08
786.9099266,4.14401167254635e-08
787.2324597,4.14519209467549e-08
787.5549456,4.1581660103232e-08
787.8773842,4.17039123449894e-08
788.1997756,4.17423089519072e-08
788.5221197,4.16516460509792e-08
788.8444166,4.18660059950971e-08
789.1666663,4.19111716916756e-08
789.4888687,4.21105157301287e-08
789.8110239,4.22621516589583e-08
790.1331319,4.2207648286824e-08
790.4551926,4.2470471152704e-08
790.777206,4.24827460857516e-08
791.0991722,4.25731730556714e-08
791.4210912,4.27303687223533e-08
791.7429629,4.30192783529418e-08
792.0647874,4.29140272226185e-08
792.3865646,4.33262266709939e-08
792.7082946,4.30686738829874e-08
793.0299773,4.34697576224054e-08
793.3516127,4.35897468095251e-08
793.6732009,4.37737760083809e-08
793.9947418,4.37494548112227e-08
794.3162355,4.41208903742652e-08
794.6376819,4.41776529982458e-08
794.9590811,4.43797224093485e-08
795.2804329,4.45503949387396e-08
795.6017376,4.45820831629926e-08
795.9229949,4.49638524886027e-08
796.244205,4.49882263281046e-08
796.5653678,4.51694316363947e-08
796.8864833,4.53209805097044e-08
797.2075516,4.57536514709018e-08
797.5285726,4.56808880285655e-08
797.8495463,4.58806989871469e-08
798.1704727,4.60584290030788e-08
798.4913519,4.6455369903723e-08
798.8121837,4.64096250349928e-08
799.1329683,4.67189177686962e-08
799.4537056,4.67577991213158e-08
799.7743957,4.69771629155065e-08
800.0950384,4.72271448602685e-08
800.4156338,4.73768985597796e-08
800.736182,4.77447487344587e-08
801.0566829,4.77261374660119e-08
801.3771364,4.80894223287871e-08
801.6975427,4.82602750904133e-08
802.0179017,4.85695756836858e-08
802.3382134,4.87105802744894e-08
802.6584778,4.90565054526677e-08
802.9786949,4.90396057286237e-08
803.2988647,4.94841145114465e-08
803.6189872,4.97029394694303e-08
803.9390624,4.99586676715512e-08
804.2590903,5.01713358603499e-08
804.5790709,5.04524145346595e-08
804.8990042,5.06267082131086e-08
805.2188901,5.08301304115425e-08
805.5387288,5.11200518633381e-08
805.8585201,5.12162564728095e-08
806.1782642,5.16561850949469e-08
806.4979609,5.17558538400109e-08
806.8176103,5.21270608933287e-08
807.1372124,5.24154716020581e-08
807.4567672,5.24929853191553e-08
807.7762746,5.27981832043997e-08
808.0957347,5.35038546613445e-08
808.4151475,5.36317338223182e-08
808.734513,5.4095230148202e-08
809.0538312,5.42613102379497e-08
809.373102,5.45077842393571e-08
809.6923255,5.45861660302129e-08
810.0115017,5.51605643789196e-08
810.3306305,5.50339685321231e-08
810.649712,5.54002786654963e-08
810.9687462,5.59402103092527e-08
811.2877331,5.59182714177466e-08
811.6066726,5.65932976793581e-08
811.9255647,5.66485665653518e-08
812.2444095,5.71098842604404e-08
812.563207,5.71963090301757e-08
812.8819572,5.74729835880129e-08
813.20066,5.78057107908357e-08
813.5193154,5.80786410431778e-08
813.8379235,5.86111532646629e-08
814.1564843,5.85942311238182e-08
814.4749977,5.9192664568804e-08
814.7934637,5.92624313497022e-08
815.1118825,5.95343698773587e-08
815.4302538,5.96647438370862e-08
815.7485778,6.00951888808206e-08
816.0668544,6.04441550243154e-08
816.3850837,6.0642976516362e-08
816.7032656,6.09582184733337e-08
817.0214002,6.12116958919162e-08
817.3394874,6.14838249341765e-08
817.6575272,6.19579479565559e-08
817.9755197,6.20270901168649e-08
818.2934648,6.23593311713088e-08
818.6113626,6.23967529181088e-08
818.9292129,6.29004770407763e-08
819.2470159,6.33459012966427e-08
819.5647716,6.36270685038149e-08
819.8824798,6.39933499279859e-08
820.2001407,6.42572243659701e-08
820.5177542,6.46272861910115e-08
820.8353203,6.49558026889492e-08
821.1528391,6.49251121515081e-08
821.4703104,6.55540274198592e-08
821.7877344,6.55922429873519e-08
822.105111,6.60048149949092e-08
822.4224402,6.63649368937167e-08
822.7397221,6.66738173229169e-08
823.0569565,6.69858790448437e-08
823.3741436,6.75003022698714e-08
823.6912832,6.78344036086678e-08
824.0083755,6.76886972103119e-08
824.3254204,6.84645564474434e-08
824.6424178,6.83740032050696e-08
824.9593679,6.88144590457515e-08
825.2762706,6.91277018079654e-08
825.5931259,6.94914362941492e-08
825.9099338,6.97818064725694e-08
826.2266943,7.00509189157703e-08
826.5434074,7.05929967187738e-08
826.8600731,7.07232672964787e-08
827.1766913,7.11885875229365e-08
827.4932622,7.22603055184422e-08
827.8097857,7.23490013251098e-08
828.1262617,7.25042631668923e-08
828.4426904,7.30789250193264e-08
828.7590716,7.29214807412784e-08
829.0754054,7.36624565663849e-08
829.3916918,7.38097278584045e-08
829.7079308,7.43324787553316e-08
830.0241223,7.4612174487262e-08
830.3402665,7.47090602084922e-08
830.6563632,7.51067663974119e-08
830.9724125,7.5361915604326e-08
831.2884144,7.62293697239461e-08
831.6043688,7.62924851281095e-08
831.9202759,7.67549553522325e-08
832.2361354,7.68312615680354e-08
832.5519476,7.75173734350806e-08
832.8677123,7.77482528137803e-08
833.1834296,7.82534042805008e-08
833.4990995,7.84311308812265e-08
833.8147219,7.89553920862753e-08
834.1302969,7.90820411056604e-08
834.4458245,7.93509705529296e-08
834.7613046,7.99873728208205e-08
835.0767373,8.02768360897045e-08
835.3921225,8.0619993641124e-08
835.7074603,8.13623621857663e-08
836.0227506,8.16324164894023e-08
836.3379935,8.18640117208369e-08
836.653189,8.22931713677967e-08
836.968337,8.27684055332343e-08
837.2834375,8.30712305156492e-08
837.5984906,8.35752482235633e-08
837.9134963,8.37395337798832e-08
838.2284545,8.41629382730267e-08
838.5433652,8.48090591669797e-08
838.8582285,8.51725562775423e-08
839.1730443,8.56500396518159e-08
839.4878126,8.60593118171908e-08
839.8025335,8.65176011478537e-08
840.117207,8.6765547749296e-08
840.4318329,8.72525361793605e-08
840.7464114,8.77333950163117e-08
841.0609425,8.80252644933661e-08
841.375426,8.80247476232094e-08
841.6898621,8.88490366463176e-08
842.0042507,8.91430777229297e-08
842.3185919,8.93780423115955e-08
842.6328855,9.00008031991967e-08
842.9471317,9.05183831009669e-08
843.2613304,9.09680339791386e-08
843.5754817,9.13090515784328e-08
843.8895854,9.16229119054619e-08
844.2036417,9.26021554045401e-08
844.5176505,9.30412419646321e-08
844.8316118,9.31876911074851e-08
845.1455256,9.38622475631799e-08
845.459392,9.39792380236189e-08
845.7732108,9.47609102458962e-08
846.0869822,9.49823510703649e-08
846.400706,9.59146960991979e-08
846.7143824,9.63854914503648e-08
847.0280113,9.63408623834307e-08
847.3415926,9.67365748626882e-08
847.6551265,9.7979861845122e-08
847.9686129,9.8163236260677e-08
848.2820518,9.81828824308009e-08
848.5954432,9.92796003932651e-08
848.9087871,9.99541874364488e-08
849.2220834,9.94978297624958e-08
849.5353323,1.00360632809724e-07
849.8485337,1.00454693756067e-07
850.1616875,1.00510796512642e-07
850.4747939,1.0180332473452e-07
850.7878527,1.02127564003625e-07
851.100864,1.02894419971302e-07
851.4138278,1.03228072241493e-07
851.7267441,1.04063693306681e-07
852.0396129,1.04497077278414e-07
852.3524341,1.05122009983586e-07
852.6652079,1.05398278983216e-07
852.9779341,1.05851399141727e-07
853.2906128,1.05737348480931e-07
853.6032439,1.06470967653044e-07
853.9158276,1.06696535490966e-07
854.2283637,1.06955766248404e-07
854.5408523,1.07016029974527e-07
854.8532933,1.07279664223585e-07
855.1656868,1.07838078523802e-07
855.4780328,1.08032351015587e-07
855.7903313,1.08777878355067e-07
856.1025822,1.09071384002261e-07
856.4147856,1.09745450597671e-07
856.7269414,1.10642158047607e-07
857.0390497,1.10739401501571e-07
857.3511105,1.10925044239734e-07
857.6631237,1.114604065453e-07
857.9750894,1.13051980885849e-07
858.2870075,1.13164449747066e-07
858.5988781,1.14679088751712e-07
858.9107012,1.14166104433062e-07
859.2224767,1.14815483714408e-07
859.5342046,1.1519057905052e-07
859.845885,1.16381674841489e-07
860.1575178,1.16339376427833e-07
860.4691031,1.16636176242623e-07
860.7806408,1.17211134417111e-07
861.092131,1.18316635602146e-07
861.4035736,1.17796891104731e-07
861.7149686,1.19218690719081e-07
862.0263161,1.19695441651386e-07
862.337616,1.20197249937513e-07
862.6488684,1.20678509905943e-07
862.9600732,1.2163564156522e-07
863.2712304,1.21098391539205e-07
863.58234,1.21751324322339e-07
863.8934021,1.24268930183424e-07
864.2044166,1.24517858934458e-07
864.5153836,1.25012902085389e-07
864.8263029,1.25483222447254e-07
865.1371747,1.26088757015191e-07
865.4479989,1.26278231994278e-07
865.7587755,1.27257996412117e-07
866.0695046,1.28030314146877e-07
866.3801861,1.28643908263812e-07
866.6908199,1.29241712726938e-07
867.0014062,1.29291365464007e-07
867.3119449,1.29901448349103e-07
867.6224361,1.30972590275836e-07
867.9328796,1.31283896130601e-07
868.2432755,1.31316963911732e-07
868.5536239,1.32931634746506e-07
868.8639247,1.3336722460607e-07
869.1741778,1.34992391880578e-07
869.4843834,1.35079045227758e-07
869.7945414,1.35628535849556e-07
870.1046517,1.36947079991876e-07
870.4147145,1.37784532780737e-07
870.7247297,1.38019891595854e-07
871.0346972,1.38037298477949e-07
871.3446172,1.39044856285256e-07
871.6544896,1.39848441108323e-07
871.9643143,1.40526572721661e-07
872.2740915,1.41743879651489e-07
872.583821,1.42779371465484e-07
872.8935029,1.42950650129122e-07
873.2031372,1.43284388022219e-07
873.5127239,1.44663959472024e-07
873.822263,1.45649366597e-07
874.1317544,1.45852646039743e-07
874.4411983,1.46258913302677e-07
874.7505945,1.47819647250105e-07
875.0599431,1.48238095652905e-07
875.3692441,1.49156990642892e-07
875.6784974,1.49614400313149e-07
875.9877032,1.50680061517461e-07
876.2968613,1.50234678640466e-07
876.6059718,1.51973328315262e-07
876.9150346,1.52955973363723e-07
877.2240498,1.54903769326108e-07
877.5330174,1.57676731126771e-07
877.8419373,1.60180919683509e-07
878.1508096,1.60591999739347e-07
878.4596343,1.62410371393349e-07
878.7684114,1.62595225828203e-07
879.0771408,1.63393535377973e-07
879.3858225,1.63688512506253e-07
879.6944566,1.63074868172518e-07
880.0030431,1.63440624887776e-07
880.3115819,1.6278501039506e-07
880.6200731,1.63391374509861e-07
880.9285166,1.62925698774807e-07
881.2369125,1.64623789489408e-07
881.5452607,1.66063839724087e-07
881.8535613,1.66123065215934e-07
882.1618142,1.67229854982724e-07
882.4700195,1.67793723300662e-07
882.7781771,1.69249616503678e-07
883.0862871,1.70454015597859e-07
883.3943494,1.71312052238243e-07
883.702364,1.72499819730006e-07
884.010331,1.73338647570951e-07
884.3182503,1.75469203891463e-07
884.6261219,1.74971777154582e-07
884.9339459,1.77165702570721e-07
885.2417222,1.78671228533035e-07
885.5494508,1.80687183997015e-07
885.8571318,1.79731640985982e-07
886.1647651,1.81803244745223e-07
886.4723507,1.82504260416671e-07
886.7798887,1.83613390677413e-07
887.0873789,1.8390434010056e-07
887.3948215,1.86061677950481e-07
887.7022165,1.87535621546965e-07
888.0095637,1.87745718331699e-07
888.3168632,1.90259154517762e-07
888.6241151,1.89904003351864e-07
888.9313193,1.91024189139036e-07
889.2384758,1.9366185402915e-07
889.5455846,1.94401559549138e-07
889.8526457,1.9702385808365e-07
890.1596592,1.96313010991221e-07
890.4666249,1.96386839484442e-07
890.773543,1.9814839030464e-07
891.0804133,1.98415530952601e-07
891.387236,2.0189379105093e-07
891.6940109,2.03205155687242e-07
892.0007382,2.03247069989182e-07
892.3074178,2.03868562410603e-07
892.6140496,2.06081761464872e-07
892.9206338,2.05450407039373e-07
893.2271702,2.07240862918254e-07
893.533659,2.07684313267227e-07
893.8401,2.07481655500778e-07
894.1464933,2.09622496791857e-07
894.452839,2.10488896542065e-07
894.7591369,2.10200207231793e-07
895.0653871,2.10655549934809e-07
895.3715895,2.12679237380218e-07
895.6777443,2.12408083524416e-07
895.9838514,2.14110484966852e-07
896.2899107,2.14330103163658e-07
896.5959223,2.15287115723627e-07
896.9018862,2.17372564916884e-07
897.2078024,2.17099541657449e-07
897.5136708,2.14805369843341e-07
897.8194915,2.16550132497484e-07
898.1252645,2.18054837827959e-07
898.4309898,2.17326671894226e-07
898.7366673,2.18422807283974e-07
899.0422971,2.19327628158266e-07
899.3478792,2.19127729850606e-07
899.6534135,2.19257447128605e-07
899.9589001,2.20157793590543e-07
900.264339,2.20917826902605e-07
900.5697301,2.22552720906497e-07
900.8750735,2.21772983165891e-07
901.1803691,2.24159457526368e-07
901.485617,2.22685627375128e-07
901.7908172,2.21514945003543e-07
902.0959696,2.25694598515643e-07
902.4010743,2.24400448940195e-07
902.7061312,2.25110832583057e-07
903.0111403,2.28207280778275e-07
903.3161018,2.26070631497376e-07
903.6210154,2.26888236866169e-07
903.9258813,2.26493583303267e-07
904.2306995,2.26531213917892e-07
904.5354699,2.28371028887917e-07
904.8401925,2.29306725411693e-07
905.1448674,2.2996353221256e-07
905.4494945,2.32249419788591e-07
905.7540739,2.30753967396037e-07
906.0586055,2.30885527785422e-07
906.3630893,2.32412861461166e-07
906.6675254,2.30931301158632e-07
906.9719137,2.3429469500124e-07
907.2762542,2.36559011454553e-07
907.580547,2.35452032839921e-07
907.884792,2.38037499123898e-07
908.1889892,2.38564796608579e-07
908.4931386,2.40193836699419e-07
908.7972403,2.40282302261018e-07
909.1012941,2.40503956176213e-07
909.4053002,2.41287670662461e-07
909.7092586,2.42935628340608e-07
910.0131691,2.45629907807369e-07
910.3170319,2.45360149252217e-07
910.6208468,2.45373133964423e-07
910.924614,2.45687202489185e-07
911.2283334,2.4808944717836e-07
911.532005,2.48923093086185e-07
911.8356289,2.51829044201892e-07
912.1392049,2.52426730991223e-07
912.4427331,2.53886952183404e-07
912.7462136,2.53795130002877e-07
913.0496462,2.54917410779654e-07
913.3530311,2.57362727889613e-07
913.6563681,2.60412499280315e-07
913.9596574,2.61774550042506e-07
914.2628988,2.61949143741381e-07
914.5660924,2.65397395563107e-07
914.8692383,2.6461933484961e-07
915.1723363,2.66026170432815e-07
915.4753866,2.69798433337629e-07
915.778389,2.72802202435549e-07
916.0813436,2.72655421374239e-07
916.3842504,2.77465792318409e-07
916.6871094,2.76606678400102e-07
916.9899205,2.76873322315745e-07
917.2926839,2.79643626759539e-07
917.5953994,2.82913363535958e-07
917.8980671,2.83807751997297e-07
918.200687,2.83464240549161e-07
918.5032591,2.86555298059306e-07
918.8057834,2.90245539514051e-07
919.1082598,2.93331897840841e-07
919.4106884,2.95613686401483e-07
919.7130692,2.96609803794401e-07
920.0154021,2.99172351709455e-07
920.3176872,3.01751926509546e-07
920.6199245,3.06137127849748e-07
920.922114,3.04269656389884e-07
921.2242556,3.05610677247781e-07
921.5263494,3.09026519216212e-07
921.8283953,3.16417354061414e-07
922.1303935,3.15010678822999e-07
922.4323437,3.16962066490376e-07
922.7342462,3.18658227648901e-07
923.0361008,3.25573891652087e-07
923.3379075,3.27576213965812e-07
923.6396664,3.30201853931968e-07
923.9413774,3.34409618412584e-07
924.2430407,3.34642316230355e-07
924.544656,3.35894690451711e-07
924.8462235,3.38490139658328e-07
925.1477432,3.43893922367611e-07
925.449215,3.44255770254871e-07
925.7506389,3.49338173469135e-07
926.052015,3.52237509652424e-07
926.3533432,3.53188955755174e-07
926.6546236,3.55868428577186e-07
926.9558561,3.60596895014294e-07
927.2570407,3.62118484072995e-07
927.5581775,3.65295778716992e-07
927.8592664,3.66579219784674e-07
928.1603075,3.76495129662257e-07
928.4613007,3.76069895215749e-07
928.762246,3.79059088548353e-07
929.0631434,3.79230484499295e-07
929.363993,3.85508618692237e-07
929.6647947,3.89985014636222e-07
929.9655485,3.89664378823392e-07
930.2662545,3.9600570417741e-07
930.5669125,4.00870663378835e-07
930.8675227,4.0659770115121e-07
931.168085,4.06903033131228e-07
931.4685995,4.08726201802688e-07
931.769066,4.13711925238908e-07
932.0694847,4.1065323859982e-07
932.3698555,4.17644101586718e-07
932.6701783,4.2592166968707e-07
932.9704533,4.28705331320098e-07
933.2706804,4.3333682859452e-07
933.5708597,4.37078720851239e-07
933.870991,4.39515272104961e-07
934.1710744,4.44393185429191e-07
934.4711099,4.40464626793938e-07
934.7710976,4.54528973327417e-07
935.0710373,4.61239895641139e-07
935.3709291,4.63590787399255e-07
935.6707731,4.68135852510733e-07
935.9705691,4.71378144939683e-07
936.2703172,4.7814417495009e-07
936.5700175,4.84642773051659e-07
936.8696698,4.86713834737649e-07
937.1692742,4.97403639700213e-07
937.4688307,4.95933693047152e-07
937.7683393,5.00387327956535e-07
938.0677999,5.02232309918299e-07
938.3672127,5.06773122492432e-07
938.6665775,5.19666745527974e-07
938.9658944,5.19908293051774e-07
939.2651634,5.19873848704624e-07
939.5643845,5.29273634524358e-07
939.8635577,5.38634956927469e-07
940.1626829,5.41403698046091e-07
940.4617603,5.51154893479631e-07
940.7607896,5.46675997465995e-07
941.0597711,5.54005806202014e-07
941.3587046,5.55582459792612e-07
941.6575902,5.67224890788766e-07
941.9564279,5.70969165517074e-07
942.2552177,5.6805331765833e-07
942.5539595,5.65680851141674e-07
942.8526533,5.84518418999518e-07
943.1512993,5.8622342399248e-07
943.4498973,5.94143093097561e-07
943.7484473,6.02561213273426e-07
944.0469495,6.11190346865344e-07
944.3454036,6.17938938954502e-07
944.6438099,6.24904072334443e-07
944.9421681,6.39984900020629e-07
945.2404785,6.36053122045445e-07
945.5387409,6.45147021695982e-07
945.8369553,6.48692512747786e-07
946.1351218,6.60947764529494e-07
946.4332403,6.69087485781799e-07
946.7313109,6.70460251909891e-07
947.0293336,6.72093621481923e-07
947.3273082,6.83384272340138e-07
947.6252349,6.81851132580936e-07
947.9231137,6.81878192688931e-07
948.2209445,7.02018106116838e-07
948.5187273,7.1928192305939e-07
948.8164622,7.14334839950193e-07
949.1141491,7.30365187971735e-07
949.411788,7.46097547211905e-07
949.709379,7.375645553963e-07
950.006922,7.58890575341697e-07
950.304417,7.73770133584993e-07
950.6018641,7.60056011456705e-07
950.8992632,7.62810858227128e-07
951.1966143,7.87355986606169e-07
951.4939174,7.97558778647711e-07
951.7911726,7.89991684463508e-07
952.0883797,8.08232541446429e-07
952.3855389,8.22698954181724e-07
952.6826502,8.26847896326238e-07
952.9797134,8.39050775537258e-07
953.2767286,8.45959197144403e-07
953.5736959,8.53144706283352e-07
953.8706152,8.6326406712928e-07
954.1674864,8.70649630053109e-07
954.4643097,8.88171072773014e-07
954.761085,9.05608175920494e-07
955.0578123,9.03584781429215e-07
955.3544917,9.01062345350698e-07
955.651123,9.12125425201894e-07
955.9477063,9.31494487942497e-07
956.2442416,9.36257102794825e-07
956.5407289,9.62887666306875e-07
956.8371683,9.62172744693314e-07
957.1335596,9.73690764084219e-07
957.4299029,1.00515570472925e-06
957.7261982,9.98244910774386e-07
958.0224455,1.01529782417557e-06
958.3186448,1.00679531204639e-06
958.6147961,1.02452021369431e-06
958.9108993,1.02645348145426e-06
959.2069546,1.02679003823296e-06
959.5029618,1.05980323011144e-06
959.798921,1.07156509049753e-06
960.0948323,1.06389923206528e-06
960.3906954,1.08564998525411e-06
960.6865106,1.11420150086692e-06
960.9822778,1.11572150703833e-06
961.2779969,1.13617105847842e-06
961.573668,1.17778252940116e-06
961.8692911,1.17046504181728e-06
962.1648661,1.16958536588034e-06
962.4603931,1.19523726290326e-06
962.7558721,1.1996254331189e-06
963.0513031,1.24911288546273e-06
963.346686,1.23881871449544e-06
963.6420209,1.25710386607142e-06
963.9373078,1.30699860171784e-06
964.2325466,1.29303128388108e-06
964.5277374,1.32031071321455e-06
964.8228801,1.32233898722941e-06
965.1179748,1.35929358584102e-06
965.4130215,1.32444961987878e-06
965.7080201,1.34010602306546e-06
966.0029707,1.33205264924954e-06
966.2978732,1.40420225006907e-06
966.5927277,1.37649581836819e-06
966.8875341,1.41608439241195e-06
967.1822925,1.43411336965391e-06
967.4770028,1.47367690967134e-06
967.771665,1.4497549682957e-06
968.0662793,1.45884051404411e-06
968.3608454,1.53029611067942e-06
968.6553635,1.52989753262199e-06
968.9498336,1.56382382087072e-06
969.2442555,1.54250687915711e-06
969.5386294,1.58213930310334e-06
969.8329553,1.60353035737308e-06
970.1272331,1.58076675850831e-06
970.4214628,1.61052269127285e-06
970.7156445,1.68787692268679e-06
971.009778,1.70619899649653e-06
971.3038636,1.71701192473743e-06
971.597901,1.75465286718937e-06
971.8918904,1.69386881277891e-06
972.1858317,1.81603296947733e-06
972.4797249,1.82907541774438e-06
972.77357,1.80558421757028e-06
973.0673671,1.79296262818981e-06
973.3611161,1.84515338713985e-06
973.654817,1.94251443070784e-06
973.9484698,1.89874676479263e-06
974.2420745,1.95543161181678e-06
974.5356312,2.04544136020352e-06
974.8291397,2.00297960305671e-06
975.1226002,1.97227018114613e-06
975.4160126,2.22316720803385e-06
975.7093768,2.11656856886592e-06
976.002693,2.19467343943058e-06
976.2959611,2.16333019039863e-06
976.5891811,2.18730340507814e-06
976.882353,2.29489015054674e-06
977.1754768,2.28662950496972e-06
977.4685525,2.2889930551504e-06
977.7615801,2.26571006143233e-06
978.0545596,2.3721242579824e-06
978.347491,2.34250150908258e-06
978.6403743,2.42138046560813e-06
978.9332095,2.51016843949037e-06
979.2259966,2.49507869592218e-06
979.5187356,2.4950741693269e-06
979.8114264,2.59155089828469e-06
980.1040691,2.51287504044331e-06
980.3966638,2.63272255790616e-06
980.6892103,2.59960701414099e-06
980.9817087,2.78614569690402e-06
981.2741589,2.64356260197254e-06
981.5665611,2.73656813208702e-06
981.8589151,2.77818274517985e-06
982.151221,2.80509313307918e-06
982.4434788,3.0042255868069e-06
982.7356885,3.05189204480983e-06
983.02785,2.94757373005224e-06
983.3199634,3.0281418891887e-06
983.6120287,3.23974649471622e-06
983.9040458,3.20463434352584e-06
984.1960149,3.14453058796567e-06
984.4879357,3.47178085490012e-06
984.7798085,3.35526526633577e-06
985.0716331,3.29503139500388e-06
985.3634095,3.42079185036589e-06
985.6551379,3.51360623843774e-06
985.9468181,3.60504358033016e-06
986.2384501,3.66161170326799e-06
986.530034,3.84121100123136e-06
986.8215697,3.72538345817058e-06
987.1130574,4.29387600002019e-06
987.4044968,3.89471908396558e-06
987.6958881,4.15688942910498e-06
987.9872313,3.9780525273382e-06
988.2785263,4.08032648816907e-06
988.5697731,4.20755406605727e-06
988.8609718,4.4880115459884e-06
989.1521224,3.7964914728017e-06
989.4432248,4.26542511928659e-06
989.734279,4.09896261503067e-06
990.025285,4.38044643699379e-06
990.3162429,4.6367388614142e-06
990.6071527,4.51303568190727e-06
990.8980143,4.98529291481549e-06
991.1888277,5.43064066948905e-06
991.4795929,5.00654809291143e-06
991.77031,5.12413123749936e-06
992.0609789,5.03805338430087e-06
992.3515996,5.50827845196725e-06
992.6421721,6.02256151865769e-06
992.9326965,5.38210912354872e-06
993.2231727,5.57778590165552e-06
993.5136007,5.44681080800525e-06
993.8039806,5.42587114743027e-06
994.0943123,5.90737449051532e-06
994.3845957,6.59137092323246e-06
994.674831,6.40957221078352e-06
994.9650181,6.28527199285956e-06
995.2551571,7.15433348233753e-06
995.5452478,6.15773398323153e-06
995.8352904,5.81071666752711e-06
996.1252847,6.59380161593726e-06
996.4152309,7.65391381739297e-06
996.7051289,7.88866647768943e-06
996.9949786,6.97329431705821e-06
997.2847802,7.39154281453512e-06
997.5745336,8.00576493188702e-06
997.8642388,8.07630319455967e-06
998.1538958,9.42044124663634e-06
998.4435046,7.83736681753134e-06
998.7330652,8.42704277899052e-06
999.0225775,8.65827390048108e-06
999.3120417,8.6871574575591e-06
999.6014577,8.76966430639485e-06
999.8908254,1.20771081995674e-05
1000.180145,1.094104236786e-05
1000.469416,9.7129065517151e-06
1000.758639,1.07288788989049e-05
1001.047814,1.14954563551929e-05
1001.336941,1.33160466482238e-05
1001.62602,9.3199359794386e-06
1001.91505,1.05633539331455e-05
1002.204032,1.21970557169528e-05
1002.492966,1.28002108273311e-05
1002.781851,1.24191345528667e-05
1003.070689,1.15012360852568e-05
1003.359478,1.29327152493715e-05
1003.648219,1.33253209250154e-05
1003.936911,1.19701339525357e-05
1004.225556,1.41428343004825e-05
1004.514152,1.33832442764677e-05
1004.8027,1.43315593288107e-05
1005.0912,1.5008320620892e-05
1005.379651,2.33363865163083e-05
1005.668055,1.89392982748717e-05
1005.95641,1.9711232989773e-05
1006.244716,1.82703857976814e-05
1006.532975,1.70810410908454e-05
1006.821185,3.02159130415555e-05
1007.109347,1.88890677521309e-05
1007.397461,2.15567713119984e-05
1007.685527,1.71783949075899e-05
1007.973544,2.20961582910439e-05
1008.261513,1.56015570411566e-05
1008.549434,1.56311271454768e-05
1008.837307,2.13994037755468e-05
1009.125131,1.77246828036572e-05
1009.412907,1.78531152829506e-05
1009.700635,1.64404485162231e-05
1009.988315,2.1129918006084e-05
1010.275946,2.18390002187862e-05
1010.563529,2.79563390852966e-05
1010.851064,2.87065165687783e-05
1011.13855,2.34210584500109e-05
1011.425988,2.17617440319012e-05
1011.713378,3.30434758301731e-05
1012.00072,2.26443907134794e-05
1012.288014,1.93766078291191e-05
1012.575259,3.68433941342278e-05
1012.862456,3.83508801286796e-05
1013.149604,3.57902622451611e-05
1013.436705,1.99174663922424e-05
1013.723757,3.57938936788095e-05
1014.010761,3.49602201481191e-05
1014.297716,3.47224466542585e-05
1014.584623,5.62852708989684e-05
1014.871482,3.11881733665262e-05
1015.158293,2.21117567781384e-05
1015.445055,4.59662652955237e-05
1015.731769,0.000109580786053881
1016.018435,3.62282417043913e-05
1016.305053,4.15225719614192e-05
1016.591622,2.5353424974298e-05
1016.878143,3.21934225408657e-05
1017.164616,3.78622216036456e-05
1017.45104,3.55371541626849e-05
1017.737416,3.19857850229921e-05
1018.023744,3.68441079353526e-05
1018.310023,3.26787605985935e-05
1018.596255,5.09465235667334e-05
1018.882437,5.05980425872581e-05
1019.168572,2.76384579441425e-05
1019.454658,5.32909039586634e-05
1019.740696,3.34819817112976e-05
1020.026686,2.56566851696111e-05
1020.312627,3.04326336998752e-05
1020.59852,8.53411163797997e-05
1020.884365,3.07415619646976e-05
1021.170161,2.83642086272913e-05
1021.455909,5.19964621961727e-05
1021.741609,2.02091899023348e-05
1022.027261,4.5101829013403e-05
1022.312864,2.25248226118139e-05
1022.598419,2.25248226118139e-05
1022.883925,2.25248226118139e-05
