Wavelength,0
350,0.010571990797511234
351,0.010465682553488424
352,0.010372022869638316
353,0.010291164929475087
354,0.010214780484688157
355,0.010146649775237734
356,0.01010503628918488
357,0.010038863603323928
358,0.009945914181945513
359,0.00984765355806996
360,0.009754574931479121
361,0.009657385492807445
362,0.009546534390909312
363,0.00942256997648978
364,0.009315097517519659
365,0.009237321291496733
366,0.009181902351259883
367,0.009150834546542946
368,0.009140408896789366
369,0.009140563805912381
370,0.009140920240956557
371,0.009137744919855193
372,0.009126331771610105
373,0.00912566538375066
374,0.009121153584170608
375,0.009119650113387431
376,0.00913103175256373
377,0.00914425924243569
378,0.009169326968146473
379,0.009208118948131066
380,0.009270412558960975
381,0.009343648321876554
382,0.009435574086320253
383,0.009487981313618471
384,0.00948656999341326
385,0.00945200640721285
386,0.009416999227102136
387,0.00939671080882446
388,0.009401045358993014
389,0.009428626714644218
390,0.0094766497179987
391,0.009546997426316957
392,0.009630169374209827
393,0.00974709360701954
394,0.009923510596760441
395,0.010065896185667505
396,0.01013387627422053
397,0.010135669002148155
398,0.010113614476765733
399,0.010079601775824634
400,0.010045292083056497
401,0.010003011001505536
402,0.009956745500261491
403,0.009954564047332071
404,0.009998646061408373
405,0.010096485895061909
406,0.01022393666561022
407,0.010363537912737076
408,0.010508044060971205
409,0.01068216115995741
410,0.010821495674876882
411,0.010953728728299784
412,0.011091695237735963
413,0.011250008232688631
414,0.011391933724539182
415,0.011544804098305973
416,0.011709572828416254
417,0.011884749451579711
418,0.012052699757628016
419,0.012220280166639882
420,0.012405360940092909
421,0.012581215701949902
422,0.0127427874090067
423,0.012911174777806508
424,0.013075114509666795
425,0.013202350037637546
426,0.013321961260576616
427,0.01343594712165057
428,0.013541850765654338
429,0.01365273617106983
430,0.01377708318013425
431,0.013874046665681594
432,0.013925486462079107
433,0.013975536083613186
434,0.0140602100412367
435,0.014146010801176594
436,0.014222332663955384
437,0.014327519790138367
438,0.014436523804197876
439,0.014515931334893734
440,0.014572078196771684
441,0.014663554191305796
442,0.01474950732338629
443,0.014848724318426782
444,0.014955494529471288
445,0.015067029857595364
446,0.015174362722044348
447,0.015259750659937305
448,0.015317628998538946
449,0.015378775962777645
450,0.015438988520970434
451,0.015498375473709289
452,0.015541234952491002
453,0.015584366105026294
454,0.015634502402561954
455,0.01568019223502582
456,0.01572480278994784
457,0.015752107758451137
458,0.015777271395356635
459,0.015798722106708466
460,0.015812115205812605
461,0.015821726942320077
462,0.01583400546251685
463,0.015844579722367514
464,0.015883095295480293
465,0.015889797825588706
466,0.015897732641913905
467,0.015905613406767126
468,0.015927248909878643
469,0.015951135124726772
470,0.015983639126276566
471,0.016022787902157144
472,0.01606524365580066
473,0.01609683539664533
474,0.01611320493194218
475,0.016116008532276595
476,0.01610426575667918
477,0.016087162924732938
478,0.01608628232505608
479,0.01608670669367028
480,0.01609081015341187
481,0.01610877486438864
482,0.01612970944612175
483,0.01615364733531537
484,0.01619231194415608
485,0.01622211260275771
486,0.016237855184430442
487,0.016251966604988906
488,0.016278108305924553
489,0.016318692921189138
490,0.016377740230061645
491,0.01644438409708728
492,0.016518039083302537
493,0.01660673001741785
494,0.016691844920289245
495,0.016773985911736934
496,0.01690010978255924
497,0.017055845418571566
498,0.017236644381966943
499,0.017432278588565327
500,0.017662605344570276
501,0.01792526562849743
502,0.018209795690528288
503,0.018506383465870056
504,0.01881315665204471
505,0.019152513390730763
506,0.019543823668887548
507,0.02007495436748331
508,0.020638151036514837
509,0.02125088295587155
510,0.02188669899449122
511,0.022540015763740453
512,0.023312830402879143
513,0.0241191055196664
514,0.024992579761267494
515,0.02588957046572165
516,0.02690166470910247
517,0.02796126434665964
518,0.029179363826268737
519,0.030458325933763613
520,0.03170341911952923
521,0.03308323526823858
522,0.03445976355227959
523,0.035796422186312266
524,0.037188348516222644
525,0.038508823846495274
526,0.03978638729421941
527,0.04102901484835855
528,0.04220819156027589
529,0.04329254693769184
530,0.044310064447185944
531,0.045312495574656345
532,0.04619945030126014
533,0.04706126200558046
534,0.04787293471058953
535,0.048634918289805124
536,0.04933550788260235
537,0.049987649151402115
538,0.05059275454111981
539,0.05117773081388565
540,0.05173134655386321
541,0.052246035883398524
542,0.05269966334045242
543,0.05317375405033284
544,0.05364324816539688
545,0.054078839064286344
546,0.0544859003157895
547,0.054880392127041905
548,0.0552859379493844
549,0.0556129258928943
550,0.05587785628354691
551,0.05607980601631159
552,0.05620856550869831
553,0.05622786362005976
554,0.056129622415301894
555,0.055899958202340914
556,0.055845528647961364
557,0.05546040499806019
558,0.05498463704763416
559,0.05450554803184454
560,0.05409508051050234
561,0.05360363764415399
562,0.05316715693422161
563,0.05257432530353828
564,0.051889343339247794
565,0.05120713080741512
566,0.050487908014256545
567,0.04959694954589805
568,0.048787452523404905
569,0.047926921709073
570,0.04699239897986723
571,0.04597019381622063
572,0.044984572065504554
573,0.044102963382241435
574,0.04326339750660439
575,0.042553130317424526
576,0.041966268091367144
577,0.04145846317500376
578,0.041008652939247256
579,0.04045535012168394
580,0.04012423608945462
581,0.039653259706816976
582,0.03922964152945007
583,0.038858825829324636
584,0.0385104830578406
585,0.03821680160648051
586,0.0379613865346699
587,0.03770139518423837
588,0.03737845496553699
589,0.03712356924472411
590,0.03692474046531054
591,0.03673433840747339
592,0.03656481642914769
593,0.03642632778311361
594,0.03629739125423987
595,0.03617754373504155
596,0.036079380855687605
597,0.03595726186143764
598,0.035841317237220637
599,0.03569678150810807
600,0.03551897209056624
601,0.03532118509101005
602,0.03508183347693699
603,0.03480443603794531
604,0.03452450147792173
605,0.03415563370687549
606,0.03374379666068636
607,0.03330453657581202
608,0.03283575650249652
609,0.0323696684123366
610,0.031993008173030794
611,0.03164565494141119
612,0.031198775747212276
613,0.030783800433136554
614,0.03046229736784517
615,0.03015492960134641
616,0.02983474574236114
617,0.02952823114068564
618,0.029224351409479116
619,0.028946207359425727
620,0.028707384228873613
621,0.02849393015373812
622,0.028297217661921094
623,0.028141538312405807
624,0.02803087102093127
625,0.027957006482321647
626,0.027889174471352092
627,0.02784318398293517
628,0.027831991790070714
629,0.027806247450743327
630,0.027765699071446565
631,0.027711326496268257
632,0.027609779670785702
633,0.027470229635371296
634,0.027275636980251285
635,0.027021677599379
636,0.026707696828356574
637,0.026398069896097786
638,0.026086299877713267
639,0.02573280253755375
640,0.025357616280949572
641,0.024972323541259268
642,0.02458417537126742
643,0.024153689450393135
644,0.023734667523829123
645,0.02330539790582662
646,0.022926293036585395
647,0.02259159094765211
648,0.02229674399909036
649,0.022023388227173233
650,0.02179149076437636
651,0.021602861308131202
652,0.0214105215547633
653,0.021240816491824535
654,0.021063881250858334
655,0.020881367840293128
656,0.02055951102227275
657,0.020230801739173406
658,0.01990400292468883
659,0.01956505444877011
660,0.019317247954424407
661,0.019106392912528452
662,0.018890905126328388
663,0.01866589685267185
664,0.01847977054368941
665,0.018226754580518534
666,0.017991176207701763
667,0.017845866862048157
668,0.017703973668194956
669,0.01758139596442944
670,0.01752260429229852
671,0.01749032578206573
672,0.017476241291171923
673,0.017478375585857978
674,0.01750571980656435
675,0.017571342096172657
676,0.017671402960023768
677,0.017800448542527665
678,0.017982308428713803
679,0.018213284706434674
680,0.018500429320099623
681,0.01885592447559882
682,0.019262100135665285
683,0.019637350308205695
684,0.020258010631888992
685,0.021291671009357593
686,0.022385293316880783
687,0.023688876372682757
688,0.025125368564356477
689,0.026574859101933572
690,0.02835718179697844
691,0.030783722923974546
692,0.03353370043721866
693,0.03667826601377259
694,0.040521675826375815
695,0.0447568815021249
696,0.04899585962425514
697,0.05366478075111302
698,0.05863125935259539
699,0.06355246844137578
700,0.06888167342694583
701,0.07405559048529255
702,0.0796363274015367
703,0.08577449714998459
704,0.09165765703644173
705,0.0975088162502228
706,0.1039210297286028
707,0.10968517723589888
708,0.1160889894310906
709,0.12246966546599994
710,0.12916078228160763
711,0.1352160309838372
712,0.14306830189253858
713,0.15038707065054058
714,0.15733300689149976
715,0.16493118079328065
716,0.1728737845811757
717,0.18147597332564677
718,0.1897779267958835
719,0.19829421332432984
720,0.20559472222816155
721,0.21434343824682864
722,0.22242956372026684
723,0.23161321171252214
724,0.24101225967135925
725,0.2482762334235769
726,0.2565913430685328
727,0.2650500816973826
728,0.27282473990630773
729,0.2814628547534393
730,0.2894812681710202
731,0.29773045101374435
732,0.3071961747970012
733,0.31556681991339547
734,0.32363185937018907
735,0.33152630042696707
736,0.338231336201739
737,0.34534319870780106
738,0.35234191843536555
739,0.3590937235686344
740,0.3655717396461012
741,0.3718098276795706
742,0.37768248087276013
743,0.3830141814323116
744,0.38820970995348225
745,0.39349103022834414
746,0.39798480830532146
747,0.40204902789271796
748,0.40574367650081034
749,0.40922222410737297
750,0.41240843147001444
751,0.41511141397859763
752,0.4173087875198012
753,0.4195213812705348
754,0.4219910374792525
755,0.424296623231158
756,0.4256237828093032
757,0.4278960197608537
758,0.4312810511431105
759,0.4423358322564581
760,0.44665767687180485
761,0.4503170019973004
762,0.4502395898680013
763,0.4483686904043584
764,0.44229237065964006
765,0.4414222170935558
766,0.4420588366600766
767,0.4424530247111166
768,0.44279646577490095
769,0.44337365828494285
770,0.444010911916234
771,0.4446197178429348
772,0.4452977885161179
773,0.4464866959969981
774,0.4476358379522897
775,0.4487355329357128
776,0.44947925841045977
777,0.4501506298498235
778,0.4508248872262012
779,0.4515471982797156
780,0.45224981284011284
781,0.45299590194022515
782,0.45367320532083644
783,0.4542583796072463
784,0.4547620129044667
785,0.4556148245654501
786,0.45628182522320804
787,0.45676929083666606
788,0.4573190380370679
789,0.4581132760734495
790,0.458718016681669
791,0.45949199797479556
792,0.46031189475651263
793,0.46097662763637515
794,0.46152244040979634
795,0.46218719039144945
796,0.4627957653238504
797,0.4633825999637522
798,0.463992103612991
799,0.4645719229239141
800,0.46503326893339997
801,0.4690902085627928
802,0.46976297647324433
803,0.47007079958660025
804,0.4705557823779322
805,0.47103776012382476
806,0.4715602733705691
807,0.474847195923004
808,0.4753911796927449
809,0.47598859834982843
810,0.4762985188714737
811,0.47720881258038617
812,0.47736775464024594
813,0.4778418276086924
814,0.4782954858489279
815,0.4787596325162781
816,0.4792880885629159
817,0.47993266425832226
818,0.48053700589167503
819,0.4816366177676102
820,0.4816127870960903
821,0.4818956653917848
822,0.482988695088388
823,0.4840891969433122
824,0.48461652474902256
825,0.48491887250137555
826,0.4851883599228986
827,0.4856350375207116
828,0.4865474820239254
829,0.4871423830946934
830,0.48762488010352323
831,0.4881767573487104
832,0.48887983308661637
833,0.4889847457383424
834,0.4891739344477598
835,0.48956627992142143
836,0.4900005444317788
837,0.49049188711633673
838,0.4910224902153463
839,0.49155863899349417
840,0.4920177367038595
841,0.49256648083857074
842,0.4928140845043963
843,0.49317043631554697
844,0.4934579714481646
845,0.4937722708558006
846,0.4941710904456742
847,0.49501833038020476
848,0.4950865096906009
849,0.49526559172886814
850,0.4958604051199185
851,0.49621569902029583
852,0.4965674596305541
853,0.4972900716195601
854,0.49854824181248614
855,0.4991990311347699
856,0.49970973892577314
857,0.5001348609834805
858,0.5004621989592335
859,0.5006717818504741
860,0.501165165095571
861,0.5018965077730273
862,0.5020484115378439
863,0.5024003928829138
864,0.5026045327826467
865,0.5028288167339022
866,0.5034891906720873
867,0.5037221616381999
868,0.5042011392023451
869,0.5047703443088641
870,0.505092054732186
871,0.5055139200652576
872,0.5058524293527071
873,0.5063201895205558
874,0.5064945367509973
875,0.5065956140320091
876,0.5069254091661709
877,0.5073524721432382
878,0.5077845069525043
879,0.5079956262723062
880,0.5081071448698347
881,0.5083891550694776
882,0.5085098388870304
883,0.50862488121616
884,0.5090783945692645
885,0.5093767127583275
886,0.5101459000921742
887,0.5105756769737257
888,0.510645309884356
889,0.5109875906057374
890,0.5114335206653244
891,0.5113432594515168
892,0.5114659383443897
893,0.51173030435345
894,0.5120306868030203
895,0.5120231552594103
896,0.5122375820677618
897,0.5124282283398502
898,0.5126200742215581
899,0.5129112835628693
900,0.5132292498455732
901,0.513443311297382
902,0.5143262211264557
903,0.5148234712218283
904,0.5148101466984203
905,0.5146786510698117
906,0.5146955251889341
907,0.5147190439279775
908,0.5147266201302542
909,0.5151932713314178
910,0.5152653102283717
911,0.5155284646021794
912,0.5154754392779951
913,0.515734560466726
914,0.5159824930593246
915,0.5160951701986404
916,0.5163161755417973
917,0.5173931376924656
918,0.5180707886196615
919,0.5185837131708048
920,0.5185904888962714
921,0.517806280476537
922,0.5175078410289484
923,0.5167855525656526
924,0.5170481915646304
925,0.5166033782376713
926,0.5158995059297284
927,0.5149535555570002
928,0.5135659711516212
929,0.512202056601199
930,0.5092151750246545
931,0.5062835825422282
932,0.505354119905507
933,0.5042842898644135
934,0.5041662890311835
935,0.503180599433175
936,0.5035685290245683
937,0.5042948095573768
938,0.5059897014422675
939,0.5051812940662632
940,0.5042156175266578
941,0.5019739315081256
942,0.5002872350045883
943,0.4988267184555529
944,0.4975536024409964
945,0.49723613991210003
946,0.4958498879214419
947,0.49452125747834325
948,0.4921900510320642
949,0.4916253212785149
950,0.48809561953870423
951,0.48697266930035077
952,0.4846011545583629
953,0.4841709391556546
954,0.481006151013844
955,0.4786986332243496
956,0.47792862980531325
957,0.47590437046556444
958,0.47478440448030484
959,0.47364216598950526
960,0.4740161626016166
961,0.4723403516778802
962,0.4729575315499513
963,0.47258275171444786
964,0.47324960208211275
965,0.4713864251859088
966,0.4727932678590038
967,0.47309725858951757
968,0.4736263621393039
969,0.47308922856505986
970,0.47192211823802666
971,0.47097786392900554
972,0.46996391468432364
973,0.470313000054575
974,0.4692267394188877
975,0.4687659202959189
976,0.4687977370140384
977,0.4691349495764084
978,0.4680029239426378
979,0.4669720756870036
980,0.46699192333104517
981,0.46731724162372984
982,0.4647137962503761
983,0.4645202573313654
984,0.46393560347307644
985,0.4635298507818709
986,0.46272478547256407
987,0.46424764043868666
988,0.4633910191780123
989,0.46711311383648085
990,0.4635330380325167
991,0.4680722495836417
992,0.46832007932956027
993,0.47028603426892746
994,0.4754873986739816
995,0.48313461311323547
996,0.4843746463089274
997,0.4851390707613482
998,0.4859230512262675
999,0.48676946676516875
1000,0.4876233010151131
1001,0.48845787911193805
1002,0.48926671010304235
1003,0.49000079718046324
1004,0.49080060252078594
1005,0.49162684812795615
1006,0.4925474664320771
1007,0.49350857856285857
1008,0.4944601603463479
1009,0.4954110266834825
1010,0.4963622755346398
1011,0.4972980045890731
1012,0.4982364493020641
1013,0.49921536991989823
1014,0.5002779270319854
1015,0.5013758407447002
1016,0.5024510824415759
1017,0.5035108339035548
1018,0.5045449216780754
1019,0.5055571224852902
1020,0.5065524938933257
1021,0.5075352227052743
1022,0.508524181096935
1023,0.5095212968167114
1024,0.5105081810015412
1025,0.5115634215644244
1026,0.5125530685966435
1027,0.5135906062458503
1028,0.5145937880687529
1029,0.5156238864341081
1030,0.5166288755740841
1031,0.5175305278573776
1032,0.5185191552299818
1033,0.5195300226747954
1034,0.5205667753656431
1035,0.5215125310106313
1036,0.5224335261282118
1037,0.5233113738331293
1038,0.5241371728482449
1039,0.524922759523009
1040,0.5257095204901509
1041,0.5266095139220981
1042,0.5275462262445114
1043,0.5284261967043441
1044,0.5293166021281926
1045,0.5302019781633365
1046,0.5310570953510473
1047,0.5318752768020991
1048,0.532655804978706
1049,0.5333819830908612
1050,0.5340320441733213
1051,0.534702958238156
1052,0.5352879112758078
1053,0.5358869120908001
1054,0.5364230382942051
1055,0.5369395797145611
1056,0.5375002978128545
1057,0.5380336453240716
1058,0.538580728968864
1059,0.5390882701652969
1060,0.5395766845593903
1061,0.5400765703169558
1062,0.5405889717395842
1063,0.5410036735226621
1064,0.541306269833715
1065,0.5414765212678876
1066,0.5414962824642344
1067,0.5414514311019564
1068,0.5414017438585821
1069,0.5412509780735866
1070,0.5410538192880997
1071,0.5408701673315297
1072,0.5407323585916507
1073,0.5405854652359656
1074,0.5404842800081111
1075,0.5404007667149625
1076,0.5403956232533125
1077,0.5404229849642063
1078,0.5405010731800176
1079,0.5406224578574897
1080,0.5407372635158596
1081,0.540914480736586
1082,0.5410858519474319
1083,0.541262500950746
1084,0.5413933147487493
1085,0.5415069254932784
1086,0.5416182269924564
1087,0.5416496172896048
1088,0.5415729434547487
1089,0.5414431534073825
1090,0.5412745501274411
1091,0.5410836552315441
1092,0.5408727473242565
1093,0.540632620190637
1094,0.5403652335388408
1095,0.5400575869546702
1096,0.5397573854788348
1097,0.5394042368363339
1098,0.5390353486845935
1099,0.5386245966575379
1100,0.5382390809451623
1101,0.538004454458519
1102,0.5376971553856755
1103,0.5373672724208154
1104,0.5369911623730635
1105,0.5365767344788779
1106,0.5361018430108031
1107,0.535645997641803
1108,0.535124387178247
1109,0.5345392370436687
1110,0.5338956925109626
1111,0.533177235496093
1112,0.5323665875578341
1113,0.531402094969123
1114,0.5303538518960611
1115,0.5292194823032417
1116,0.5280026166947329
1117,0.5266837578848098
1118,0.5253254409881104
1119,0.5240635750874008
1120,0.5229988143729616
1121,0.5220265896940208
1122,0.5209819457878704
1123,0.5197147873937175
1124,0.5184002065456387
1125,0.5165429202580951
1126,0.5144302994894108
1127,0.5121021771986746
1128,0.5101838140078969
1129,0.508166101286609
1130,0.5055961312594601
1131,0.5024204044119757
1132,0.4989730759686623
1133,0.4954382002537616
1134,0.49186399811104453
1135,0.48827648784057803
1136,0.48460263875033477
1137,0.4809122022775618
1138,0.4771929435514944
1139,0.47334766743486506
1140,0.4692682150587079
1141,0.4653990417588736
1142,0.461525761229954
1143,0.45785929460552516
1144,0.45398961537393207
1145,0.45004268419370014
1146,0.446250900475536
1147,0.4426179474327347
1148,0.4390919490220649
1149,0.4358476423080382
1150,0.43286411897576277
1151,0.4301039828373358
1152,0.4275571618846177
1153,0.42523967660244694
1154,0.42310568386703556
1155,0.4211321017429166
1156,0.41934582405272697
1157,0.4173861784173258
1158,0.41555983057113643
1159,0.41437223816694496
1160,0.4132941620613787
1161,0.41203323234484024
1162,0.41074628778104755
1163,0.40963083690750907
1164,0.4086608177102991
1165,0.4077808167739281
1166,0.40722276533459095
1167,0.4067662302453493
1168,0.4063682619416794
1169,0.4059746999276268
1170,0.40562558022839706
1171,0.4052796020005356
1172,0.4049253930209596
1173,0.4045122957933579
1174,0.4040191687207076
1175,0.4035575640349766
1176,0.40311221549892395
1177,0.4026644836002872
1178,0.4021523244045974
1179,0.40164334781012484
1180,0.4011394028344116
1181,0.40059164919844076
1182,0.40002230268257
1183,0.3994646046847453
1184,0.39889886563726074
1185,0.3983761649990507
1186,0.3978277929322105
1187,0.3972916829950641
1188,0.3968325339736033
1189,0.3964857157936725
1190,0.3962155868046635
1191,0.39599874918722194
1192,0.39579495224506783
1193,0.3956080222835195
1194,0.3954380337115582
1195,0.3952900646945653
1196,0.3952703903364231
1197,0.3953871446665457
1198,0.3955297363352492
1199,0.3956418896650576
1200,0.39572895533359026
1201,0.3959469566932559
1202,0.39625943637123606
1203,0.39668605026181913
1204,0.3971187112590088
1205,0.3976092842308382
1206,0.398033251767566
1207,0.3985080723198785
1208,0.3989942420163976
1209,0.39948108023696227
1210,0.3999887935482412
1211,0.4004768015328418
1212,0.4009838200580135
1213,0.4014701845360053
1214,0.40199296005701074
1215,0.4025205453419197
1216,0.4030855762027534
1217,0.40372530087925024
1218,0.40440735272499995
1219,0.4050598761715604
1220,0.4057551706029874
1221,0.40636002184068
1222,0.40683397244378977
1223,0.4073658881597714
1224,0.40794970991005786
1225,0.40861591904021227
1226,0.4092803733109922
1227,0.4098966002082153
1228,0.410431552281791
1229,0.41093484713276657
1230,0.41142291450923235
1231,0.4118902597404017
1232,0.4123354361903323
1233,0.4127654289892829
1234,0.4132392565697451
1235,0.4137169950458576
1236,0.4142630984992004
1237,0.4148534171653307
1238,0.4154330619583555
1239,0.41601273748537804
1240,0.4166326204485922
1241,0.41724664647410376
1242,0.41783190733231024
1243,0.4183065850414684
1244,0.41876106558848997
1245,0.4191286294461544
1246,0.41950525886655726
1247,0.4199176115083301
1248,0.42032172923548045
1249,0.4207074328754088
1250,0.4211065362381631
1251,0.42153032111506505
1252,0.42194429114625726
1253,0.42237736844404355
1254,0.4227460147690966
1255,0.4230762062074518
1256,0.4233705092511696
1257,0.42364135534223957
1258,0.42388992819005067
1259,0.4240838230372513
1260,0.42428337462865
1261,0.42443752873936463
1262,0.42459274946074266
1263,0.42472405562772264
1264,0.42481934393710413
1265,0.4249094101362035
1266,0.4249898212731345
1267,0.42491471490736954
1268,0.4248093159950023
1269,0.42466338094984196
1270,0.4245120560924207
1271,0.4243219929806089
1272,0.424121875786173
1273,0.4240177513201185
1274,0.42398410390469937
1275,0.42392473710155504
1276,0.4238337478341271
1277,0.4236809972541444
1278,0.42351961941602434
1279,0.42330978780207285
1280,0.42307959482458707
1281,0.4228242779713118
1282,0.42243878624549014
1283,0.4219181630700811
1284,0.4213803940051552
1285,0.4208093733283855
1286,0.42020324829341743
1287,0.41961580265546927
1288,0.4190813054621917
1289,0.41845897655457054
1290,0.41772357462484555
1291,0.41691767111971256
1292,0.4160964606814171
1293,0.41528628376621585
1294,0.41416096017755544
1295,0.41291455388002485
1296,0.4117942999185549
1297,0.4107349776756952
1298,0.4095766231814905
1299,0.40836196521232543
1300,0.4071076511056559
1301,0.4058199580890349
1302,0.4045071129832261
1303,0.40314270360076826
1304,0.4017370911063354
1305,0.4002768931199224
1306,0.39875931809731996
1307,0.3972118343953491
1308,0.3956491935044474
1309,0.39403697920422726
1310,0.3923808087495021
1311,0.3905633470227343
1312,0.3886343375375437
1313,0.3865940156637421
1314,0.3846526988340507
1315,0.38291636315614935
1316,0.38098252860386495
1317,0.37879230152950893
1318,0.3765731973309436
1319,0.3743331777418624
1320,0.37204608131906625
1321,0.36972759171971853
1322,0.36738930000242637
1323,0.3650680183375736
1324,0.3627423033188815
1325,0.3603821008223547
1326,0.35817724159299696
1327,0.3556935117993777
1328,0.35294657904452476
1329,0.3500881997471142
1330,0.34755263266163694
1331,0.3451090406725632
1332,0.3420425607460784
1333,0.3392313297042782
1334,0.3366762531316224
1335,0.33421140773906033
1336,0.33209882417013653
1337,0.3301636011665775
1338,0.3280184850480679
1339,0.3259108420759466
1340,0.32378457360076524
1341,0.3216968643020276
1342,0.31967936438037153
1343,0.317687467373964
1344,0.3156722067192889
1345,0.313576315589105
1346,0.3118995927691176
1347,0.3104782614210287
1348,0.309153407586348
1349,0.3077259346113135
1350,0.30600318000024956
1351,0.30416801588580505
1352,0.3021531541458714
1353,0.2997431985962311
1354,0.2969079564737434
1355,0.2939975972297762
1356,0.29118425487557636
1357,0.288762794303613
1358,0.2855873719688929
1359,0.2811617581346836
1360,0.27548725100744964
1361,0.2710751609933974
1362,0.26602305921048575
1363,0.2608975505187498
1364,0.2564944061055419
1365,0.25232299173200656
1366,0.2485889635862652
1367,0.24566348662098686
1368,0.24274344242737805
1369,0.2402837534457697
1370,0.23881149770002852
1371,0.23842472624644334
1372,0.23798703535373875
1373,0.23731897140981642
1374,0.23643503592670798
1375,0.23597656928163574
1376,0.23580841514531825
1377,0.2361297112045698
1378,0.23655356209990913
1379,0.23646492366254
1380,0.23497681211285212
1381,0.23089541643285602
1382,0.22793351267097367
1383,0.2230057628477411
1384,0.21837896150073477
1385,0.21399463746212777
1386,0.2098526275745912
1387,0.20618632371641388
1388,0.20308843186486297
1389,0.20008985008462585
1390,0.1974018759316971
1391,0.19394475094608934
1392,0.1899715495367019
1393,0.18520946734292365
1394,0.18071616486577857
1395,0.17625246474667947
1396,0.17162871896625698
1397,0.16682983873178606
1398,0.16285787021031006
1399,0.1591761390401628
1400,0.1560019111444518
1401,0.1531234346215577
1402,0.1498460942734275
1403,0.1460799722500408
1404,0.14194344487066962
1405,0.137589812385375
1406,0.13316922968201253
1407,0.12842240003461533
1408,0.12372686415926659
1409,0.11993676282933625
1410,0.1156477331434348
1411,0.112119937715495
1412,0.10944401844714594
1413,0.10655449483010274
1414,0.10428422578013462
1415,0.10208832062112505
1416,0.10011954127863364
1417,0.09788497110366005
1418,0.09566148383790314
1419,0.09339067857539857
1420,0.09094723062253288
1421,0.08931252418496038
1422,0.08800370412929774
1423,0.08703385268788304
1424,0.08625215041287873
1425,0.08514575882602408
1426,0.08418357497900036
1427,0.08332065813208209
1428,0.08257297460980627
1429,0.08198951739696468
1430,0.08142861611692802
1431,0.08120262459749862
1432,0.08080944131483009
1433,0.08028082629979778
1434,0.07960518040776497
1435,0.07923222298379345
1436,0.07872824448312161
1437,0.07811267300154069
1438,0.07755546492813586
1439,0.07698308296063602
1440,0.07646626838710231
1441,0.07600336845911235
1442,0.07556336196173118
1443,0.07516587359757326
1444,0.07489818780944775
1445,0.07468900029083905
1446,0.07405814149214937
1447,0.0735549263199036
1448,0.07307983734064975
1449,0.07257439215841646
1450,0.07216948296599136
1451,0.07181377778019049
1452,0.07146606976196533
1453,0.07103221278103976
1454,0.07060291725039936
1455,0.07029761923418923
1456,0.07019426128216948
1457,0.07023010078703049
1458,0.07022328450400563
1459,0.07025945976924397
1460,0.07040423100178277
1461,0.07067555200160203
1462,0.07116562758559866
1463,0.07167425856548651
1464,0.07214332488255382
1465,0.07268675689570678
1466,0.07329807563694464
1467,0.0740241396908002
1468,0.07439668729328802
1469,0.07472928064042174
1470,0.07501037626786776
1471,0.07519128034960813
1472,0.07535068239909085
1473,0.07557891010897125
1474,0.07590572943324997
1475,0.0762827643251305
1476,0.07671641136387589
1477,0.07722448373340546
1478,0.07782024225639426
1479,0.07844466652076108
1480,0.07906239912621334
1481,0.07970095894272297
1482,0.0803986413136572
1483,0.08103484455944888
1484,0.08166260086838426
1485,0.08234720414898147
1486,0.08299748744858682
1487,0.08350507849539733
1488,0.08421973910530936
1489,0.08489304840195161
1490,0.08542063750557746
1491,0.08586518840353463
1492,0.08633187787117245
1493,0.08682216952012738
1494,0.08733528730190669
1495,0.08787041486650739
1496,0.08843889773201802
1497,0.08906824291649142
1498,0.0897171595310512
1499,0.09034164179754874
1500,0.09091512528731663
1501,0.09145817155960992
1502,0.0919940162914424
1503,0.09254480172771588
1504,0.0931002693087877
1505,0.0937943656219502
1506,0.09453796624080149
1507,0.0952819148564157
1508,0.09604037664194494
1509,0.09679810162293803
1510,0.09741619430141926
1511,0.09813086956029084
1512,0.09893781325242318
1513,0.0997773277970966
1514,0.10058462852315564
1515,0.10146425928712609
1516,0.10230467393031976
1517,0.1030887473365134
1518,0.1038649764913057
1519,0.10468060098768645
1520,0.10551217978275422
1521,0.1063517150188993
1522,0.10710298407058852
1523,0.10799568804341188
1524,0.10892247198526518
1525,0.10974958059688994
1526,0.11051286309099692
1527,0.1112466232887949
1528,0.11199150719148052
1529,0.11277994076387655
1530,0.11361873058852476
1531,0.11448009291396012
1532,0.11533864089614225
1533,0.11617494774875863
1534,0.11700410018413045
1535,0.11788415051966968
1536,0.11891926174394239
1537,0.11986307791622562
1538,0.12075902403873753
1539,0.1216312841375558
1540,0.12249974192603735
1541,0.12333189826065898
1542,0.1241436936411575
1543,0.124973422254227
1544,0.1258458831198834
1545,0.12674588652357233
1546,0.12766900771807252
1547,0.12862521998364912
1548,0.129626238206855
1549,0.13066261893192374
1550,0.13164274901059492
1551,0.1325864730637376
1552,0.13349735048433678
1553,0.13438095774605982
1554,0.13528437816293148
1555,0.1361801729706729
1556,0.13703578821323686
1557,0.13789616004084396
1558,0.1387383746188452
1559,0.13955985211335697
1560,0.1404423155193674
1561,0.1413349731461278
1562,0.14207161424304116
1563,0.14279129549842529
1564,0.14365068258690458
1565,0.14451114787564046
1566,0.14537390218447413
1567,0.14623760027733704
1568,0.14733318370993645
1569,0.14845016643170258
1570,0.14957659856958216
1571,0.15049789297562138
1572,0.15144737881966863
1573,0.1523018044961476
1574,0.15314720750962293
1575,0.1539905223625945
1576,0.15483606147874904
1577,0.1556940112287634
1578,0.15656704605886007
1579,0.15741057110876291
1580,0.15819185855720447
1581,0.15888236574826056
1582,0.15951795756705373
1583,0.16014959812713112
1584,0.160829542739263
1585,0.16156896965392606
1586,0.16211244648196804
1587,0.1627002793596648
1588,0.16341192353270004
1589,0.1640810198342032
1590,0.16471338478774553
1591,0.16532236324684993
1592,0.16590349119705586
1593,0.16646402835879326
1594,0.16702483682223582
1595,0.1676497391001777
1596,0.16825616276996813
1597,0.16885717468108602
1598,0.16945490431245716
1599,0.17002617557659475
1600,0.17058535085689197
1601,0.1712853015324541
1602,0.17190432849006415
1603,0.1726177130148352
1604,0.17337839523541734
1605,0.17405596212378396
1606,0.174730214155414
1607,0.17531234811129118
1608,0.17589480472375102
1609,0.17648522410800735
1610,0.17705339179959398
1611,0.1776864693470872
1612,0.17843927941309431
1613,0.1790704445835511
1614,0.17966843884631475
1615,0.18024326747694933
1616,0.18079156760881768
1617,0.18128705863946168
1618,0.18183315406359846
1619,0.18235423643841905
1620,0.1829121829139795
1621,0.1834896567515757
1622,0.1839000099148776
1623,0.18447977477250643
1624,0.1849410626505555
1625,0.18548107881368994
1626,0.18604233091241934
1627,0.18655843792749313
1628,0.18704355208161377
1629,0.18760046447423384
1630,0.18817541989054418
1631,0.18868070178444138
1632,0.18915567836871358
1633,0.1896482426954493
1634,0.19018619454388214
1635,0.19072995411034843
1636,0.19128024432579518
1637,0.19178419201341962
1638,0.19224356381814137
1639,0.19266665609210917
1640,0.19302798314010264
1641,0.19338250743113802
1642,0.19376994022917413
1643,0.1941756862103917
1644,0.194572397257686
1645,0.19493298176842386
1646,0.19523315174090025
1647,0.19549526051934463
1648,0.19575952798092255
1649,0.19605213068117605
1650,0.1963527328340788
1651,0.19666312597585753
1652,0.19700187132855382
1653,0.197362736332819
1654,0.19784874186025403
1655,0.19826589247738155
1656,0.19857687366360066
1657,0.19877634954254797
1658,0.19889422489902298
1659,0.19895109308667508
1660,0.1989519710648855
1661,0.19890388100165696
1662,0.1990928460540343
1663,0.19913629074978137
1664,0.1992527223414918
1665,0.19940823768734336
1666,0.19957441692991054
1667,0.19972227686367314
1668,0.19970061043480195
1669,0.19975585577966004
1670,0.19975589517096984
1671,0.1996108398918128
1672,0.19960686009855091
1673,0.19964884503105346
1674,0.19969065943584977
1675,0.19975678109488942
1676,0.19983099598024737
1677,0.19987090937332982
1678,0.19985824189719387
1679,0.1998188863936464
1680,0.19975396010371332
1681,0.19964844575858315
1682,0.19949958405260204
1683,0.19931017925261577
1684,0.19903619474805526
1685,0.1988918300799904
1686,0.1986734130978684
1687,0.1983085523086445
1688,0.19802336334650986
1689,0.19774088179819752
1690,0.19731807777590157
1691,0.19717672571375738
1692,0.1969419392315392
1693,0.1965980981887283
1694,0.19653801641490531
1695,0.19649567265357012
1696,0.19644088632564505
1697,0.19639190786071928
1698,0.19629903236870505
1699,0.19612281303609128
1700,0.19569945947834566
1701,0.19521571579814018
1702,0.19477102564185675
1703,0.19448309467949007
1704,0.19423121104332053
1705,0.19393515093786884
1706,0.19358666267013772
1707,0.1932676981525167
1708,0.19288534355798156
1709,0.19246555681817118
1710,0.1921613560197246
1711,0.19193296965999582
1712,0.19140848440463246
1713,0.19092172691953052
1714,0.19047138179997192
1715,0.19002909389663386
1716,0.1896980318304178
1717,0.18933250030097998
1718,0.18882832131626384
1719,0.18828074831839933
1720,0.18792318666981295
1721,0.18745118679883244
1722,0.186843967157007
1723,0.18631030741995105
1724,0.18583491286139514
1725,0.18528795851717644
1726,0.18479987288555652
1727,0.18437110818324845
1728,0.18411620947854646
1729,0.18366101833297863
1730,0.18314005592143867
1731,0.1826611817821804
1732,0.18219708679899058
1733,0.18190405249968272
1734,0.18159843432736808
1735,0.18101493782083358
1736,0.1803822170462024
1737,0.17994367080213858
1738,0.17936100505152847
1739,0.17874638990537922
1740,0.1781520163355099
1741,0.17760981542579887
1742,0.17703429026561598
1743,0.17643973285985107
1744,0.1759889528742826
1745,0.1754266069908508
1746,0.17483858941329464
1747,0.17413112168443726
1748,0.17344465002823983
1749,0.17279151322134337
1750,0.17214103216740098
1751,0.1716621657217008
1752,0.17109459412360822
1753,0.17067007464406309
1754,0.17015238633458765
1755,0.16958872304729974
1756,0.16907417052765808
1757,0.16857429511818592
1758,0.16807715504303206
1759,0.1675692144082053
1760,0.16703562637242209
1761,0.16651685968442972
1762,0.1661771895214314
1763,0.16573156211743992
1764,0.1653262826853653
1765,0.16514447487425316
1766,0.1650100070388123
1767,0.1646834006812971
1768,0.16428000635999832
1769,0.16411628563562553
1770,0.16410035417314373
1771,0.16419974706201926
1772,0.16424562225771783
1773,0.16408455554008863
1774,0.16411677920137807
1775,0.1639558391366079
1776,0.1638185296366632
1777,0.16371169152202544
1778,0.16334267744290912
1779,0.16303083541631144
1780,0.16295572594874394
1781,0.16287175668550774
1782,0.16271312412490252
1783,0.16236251605844873
1784,0.1620664504424828
1785,0.1616799810607795
1786,0.16169823077033887
1787,0.1614602652536166
1788,0.1612738273575383
1789,0.1611196016592503
1790,0.16098031118093462
1791,0.16088370027769608
1792,0.16096987208668787
1793,0.1608050390054521
1794,0.16076406650984426
1795,0.1606201035562613
1796,0.16070140894244994
1797,0.1608852768393066
1798,0.16134111386139527
1799,0.1616303800265324
1800,0.1616268383745938
1801,0.16192651585223428
1802,0.16247546438606406
1803,0.16308462771357765
1804,0.16324852253784375
1805,0.163012055493437
1806,0.1633996595750414
1807,0.16378547475648392
1808,0.16399236176110513
1809,0.16447780050424332
1810,0.16524280831398946
1811,0.165685476352603
1812,0.16658576370983633
1813,0.16704977207123478
1814,0.16817258455553658
1815,0.16905565974215267
1816,0.17017513152486688
1817,0.17084081547431618
1818,0.17162582581069688
1819,0.17207967733099286
1820,0.17247053804527016
1821,0.1732684355204467
1822,0.17375610851938028
1823,0.17630832900991286
1824,0.17719110821877881
1825,0.17943487848876502
1826,0.18216826944503733
1827,0.18828169875324224
1828,0.1930125838197667
1829,0.19769727380167432
1830,0.2024620132660774
1831,0.2068299630595613
1832,0.2118530170489027
1833,0.21964305032435816
1834,0.22338443305898878
1835,0.22733446430511503
1836,0.2292507582249872
1837,0.22877928791027838
1838,0.22789213281787432
1839,0.22902530997185042
1840,0.2273671094309051
1841,0.22674934517389883
1842,0.2272282483140423
1843,0.231506432892175
1844,0.23787247947402426
1845,0.24108918272733773
1846,0.2452428951509194
1847,0.249842951784063
1848,0.25382716341294037
1849,0.2562969689262023
1850,0.2591408935817532
1851,0.2645123731639718
1852,0.26682575364768146
1853,0.26943943261023295
1854,0.271697649710803
1855,0.26981928500635294
1856,0.26623586607490557
1857,0.2588545325052839
1858,0.25207089516009273
1859,0.2462914716263371
1860,0.23877692947111434
1861,0.23029200551747364
1862,0.22511025439300844
1863,0.22530256179127406
1864,0.22684862373712741
1865,0.2308371066913613
1866,0.2337447165927761
1867,0.23763300620055816
1868,0.2452951839805562
1869,0.24783625190539335
1870,0.2518907180503264
1871,0.2539279878227851
1872,0.2530026811764486
1873,0.2470905458034932
1874,0.24177639439885754
1875,0.2363092652602489
1876,0.22767748318019385
1877,0.2168829887219768
1878,0.21099761477598675
1879,0.2030211820635301
1880,0.18583889689762462
1881,0.1701333239494539
1882,0.15948534063684414
1883,0.14602493012190434
1884,0.13142093439660563
1885,0.11808747791237162
1886,0.10068639456093452
1887,0.08461296759888011
1888,0.06574495214082882
1889,0.04062767903365391
1890,0.028219914981300442
1891,0.028255733845084226
1892,0.03220365981624665
1893,0.028809525337177747
1894,0.03200741964189472
1895,0.02522185262737701
1896,0.02438228156306837
1897,0.029107375141310007
1898,0.024420711279471572
1899,0.02958649992908841
1900,0.03827855105846357
1901,0.02913667891591195
1902,0.039708856264586055
1903,0.0376999256358474
1904,0.02854728988609812
1905,0.03407625229361698
1906,0.030100773193979035
1907,0.024031742327976256
1908,0.029339610661548863
1909,0.020930318017488386
1910,0.026193197489504612
1911,0.027796783577498718
1912,0.028957967944133235
1913,0.02531715741489449
1914,0.02150643208918811
1915,0.01952727180306717
1916,0.018109560472393153
1917,0.016887147739375885
1918,0.014892112750105864
1919,0.01553806163978643
1920,0.016016158027487657
1921,0.015531363357401946
1922,0.014226332368288552
1923,0.014970288420256451
1924,0.013978523842864393
1925,0.014307190875679306
1926,0.014347441111894328
1927,0.01449668745552713
1928,0.013796781119110486
1929,0.014125917054771155
1930,0.013299004615766089
1931,0.01339417704301115
1932,0.014190756251245632
1933,0.013947936730007559
1934,0.013636087059121003
1935,0.013498832322670861
1936,0.013418809193271075
1937,0.01369496293098385
1938,0.013509091728131296
1939,0.013183852495255884
1940,0.013502699821822015
1941,0.014182470723010583
1942,0.014045070120725298
1943,0.014285906321627318
1944,0.014318464748988449
1945,0.014266483271197441
1946,0.014103084090820428
1947,0.014445316808016464
1948,0.014437156624691996
1949,0.01411259986488315
1950,0.014318497397467728
1951,0.014680707020602883
1952,0.01472904816791473
1953,0.014565974326591184
1954,0.014685207648499784
1955,0.015459722584173078
1956,0.015579453931984056
1957,0.0157940909777697
1958,0.015696961352859865
1959,0.01576510817732268
1960,0.015529146116026052
1961,0.015473920681170835
1962,0.01554773671813088
1963,0.015188790636965948
1964,0.015551297813602639
1965,0.016098746894772496
1966,0.01690457589407198
1967,0.01706877804202028
1968,0.01706335280528216
1969,0.017261700247077683
1970,0.017043390497219497
1971,0.01697578980072934
1972,0.017378566355555996
1973,0.01731876672343941
1974,0.01798632629195866
1975,0.018189551943516832
1976,0.018485260931948137
1977,0.01862611504957099
1978,0.01877074455079137
1979,0.01889026172649596
1980,0.019052772834475366
1981,0.01928075356189139
1982,0.019518576761361355
1983,0.019544573962199618
1984,0.019787616279205663
1985,0.020181911970902442
1986,0.020275859474816006
1987,0.02067486609790248
1988,0.02075018220740586
1989,0.02097796017990599
1990,0.021144735027187028
1991,0.021540832325992954
1992,0.0218127902665294
1993,0.02207120594385049
1994,0.022099852481350733
1995,0.022372201043611123
1996,0.022554731222823164
1997,0.022741352991450123
1998,0.023386404964811713
1999,0.02341194855393121
2000,0.023575005911078802
2001,0.02403204291285569
2002,0.024395880892314516
2003,0.025559992971374176
2004,0.02568187661486368
2005,0.026443733955640786
2006,0.02695576305048733
2007,0.02714929416085668
2008,0.027154431621737724
2009,0.027515440410771766
2010,0.02688422118694722
2011,0.027682653397374257
2012,0.028250378432208054
2013,0.02867298630061897
2014,0.029732823729215093
2015,0.03002591561711321
2016,0.029837349812349347
2017,0.029429792834207793
2018,0.029807595289246817
2019,0.02981711396161885
2020,0.030199277672295383
2021,0.030696553940999648
2022,0.030893458756742348
2023,0.03107621419767953
2024,0.03140130352879671
2025,0.03143195536566584
2026,0.03146123243060001
2027,0.03211541754837849
2028,0.03259882538881482
2029,0.03312385774424249
2030,0.03325062764661111
2031,0.03327462784562811
2032,0.033415728094128745
2033,0.033418958141176666
2034,0.03333133459431909
2035,0.03413297484162041
2036,0.0345990249173532
2037,0.0345833764255274
2038,0.03485568291375629
2039,0.035234039283751684
2040,0.03552973685910277
2041,0.03576136779604141
2042,0.03596392732722235
2043,0.03645507133662001
2044,0.036526392946976065
2045,0.036806263358122975
2046,0.037068658919592386
2047,0.03697719260701814
2048,0.03723706318654216
2049,0.03732623836011908
2050,0.03729597195667499
2051,0.03793444865293268
2052,0.038544825124637465
2053,0.03911761048607778
2054,0.03967010140474184
2055,0.03981873130932257
2056,0.040203939428220335
2057,0.040448247293806285
2058,0.040800068297630936
2059,0.04043218279434701
2060,0.040896190016157095
2061,0.0417443085859301
2062,0.04239312148194228
2063,0.042479557542593895
2064,0.042525345558802156
2065,0.042535935820797316
2066,0.04255138946705357
2067,0.04280284553822035
2068,0.043513130088750324
2069,0.04413455758027724
2070,0.04462482916730848
2071,0.04521845722792734
2072,0.04497389116539594
2073,0.04526026418253696
2074,0.045723905013118904
2075,0.04626223539868983
2076,0.046422901390529576
2077,0.0465176555743122
2078,0.04682086494423102
2079,0.047241689530928076
2080,0.04781298663474293
2081,0.047890007224710436
2082,0.047793383008740434
2083,0.04856469355158888
2084,0.04887736440141776
2085,0.04932398118991214
2086,0.04954049248468333
2087,0.04984501385870236
2088,0.050099426969636374
2089,0.05044527517558001
2090,0.050576463190675464
2091,0.050757052503239086
2092,0.05145387993270967
2093,0.05179956369712785
2094,0.052151080610273834
2095,0.05246923483836933
2096,0.05274205405106789
2097,0.053033865879220085
2098,0.053403670302346065
2099,0.053926296632039836
2100,0.054193222326597734
2101,0.05471747289208793
2102,0.05496605200902923
2103,0.055087142538531704
2104,0.05540168298237167
2105,0.05584183546759126
2106,0.0561539566559379
2107,0.05634164248130375
2108,0.05611638738467319
2109,0.05692932209160468
2110,0.0572609568427671
2111,0.05770116217817855
2112,0.058100056755689765
2113,0.058390898743045434
2114,0.05890663298890236
2115,0.059466654885592926
2116,0.059915686133029604
2117,0.060182963481042344
2118,0.060596460876164625
2119,0.06065588280948884
2120,0.06131778528284284
2121,0.06157619508112836
2122,0.061533769132388325
2123,0.061491909245819994
2124,0.06228655145008024
2125,0.062420140986141286
2126,0.06260057595148863
2127,0.06304694749354159
2128,0.06346584213038049
2129,0.06360871163105505
2130,0.06382922629980475
2131,0.06447275478000317
2132,0.06453598522943774
2133,0.064835737707246
2134,0.06533143220621311
2135,0.0658129886230298
2136,0.06583586125962705
2137,0.0657161982499043
2138,0.06615469856918976
2139,0.06652349376036752
2140,0.06684979486097252
2141,0.06708027829763216
2142,0.06703560069198283
2143,0.06698556726531679
2144,0.06756304001123276
2145,0.0677206788303475
2146,0.06782188751038346
2147,0.0678186951212679
2148,0.06825789639268925
2149,0.0689469346572953
2150,0.06953469759735112
2151,0.07003748843970715
2152,0.07005171831277239
2153,0.07007464620203499
2154,0.07015649425006841
2155,0.07001878267192108
2156,0.07029668663488242
2157,0.0708690246439372
2158,0.07073443520137115
2159,0.07116803640160638
2160,0.07151702610403417
2161,0.07147611598403086
2162,0.07112122766891667
2163,0.07110486823604789
2164,0.0715802623594665
2165,0.07166242068175581
2166,0.07219625188055344
2167,0.07282972109287243
2168,0.07310527878729728
2169,0.07334541729649202
2170,0.07323640094962801
2171,0.07303108335833683
2172,0.07291065268981214
2173,0.0729304208011142
2174,0.07360786782909882
2175,0.07398816889922337
2176,0.0739865584174878
2177,0.07468480546890821
2178,0.07481165996032321
2179,0.07493466408781813
2180,0.07486433113630075
2181,0.07507185571542843
2182,0.07553149536051695
2183,0.07528026096099123
2184,0.07531500822156065
2185,0.07584372619741205
2186,0.0760552435127816
2187,0.07610085609827286
2188,0.07623296765406136
2189,0.07633252638385316
2190,0.07652387648298806
2191,0.07730509883450332
2192,0.07731503469657267
2193,0.0772958135490606
2194,0.0776486683826966
2195,0.07812953288140108
2196,0.07789608726883836
2197,0.07774827526190309
2198,0.0779893298970047
2199,0.07817309509123423
2200,0.07772568335864358
2201,0.0781042843144872
2202,0.07813386784420503
2203,0.07839520330328444
2204,0.07858000728750797
2205,0.07884063403888732
2206,0.07940677225254401
2207,0.07990240240140792
2208,0.07993104418120998
2209,0.07960040382457002
2210,0.0794881484157971
2211,0.0795416386374031
2212,0.07935572359524563
2213,0.07924994480502177
2214,0.07946891220873266
2215,0.07920078099361745
2216,0.07944457004134102
2217,0.07929048405931
2218,0.07982635262855788
2219,0.07940353325697319
2220,0.07958824252942771
2221,0.07969761499567223
2222,0.07922942174500396
2223,0.07912174436725425
2224,0.07936295757185646
2225,0.07913254829401124
2226,0.07950348501173135
2227,0.07954462759672468
2228,0.07888609331765868
2229,0.07868897517531241
2230,0.07870919887073795
2231,0.07900104923135619
2232,0.07892042292863043
2233,0.0783196245288195
2234,0.07865983365475882
2235,0.07817533973898971
2236,0.07826531934348688
2237,0.07801725672811219
2238,0.07711050318212596
2239,0.07679751363807676
2240,0.07662500401866641
2241,0.07580140989949678
2242,0.07567452584370885
2243,0.07564419769738122
2244,0.07559482042802863
2245,0.07478866108552183
2246,0.07470511744537522
2247,0.07428631351220831
2248,0.07408818091731068
2249,0.07392338473585996
2250,0.07352363077918486
2251,0.07341718646262327
2252,0.0731027431551951
2253,0.07284474641256553
2254,0.0723945006811591
2255,0.07220426932264144
2256,0.07169481136309525
2257,0.07174221320039804
2258,0.07155812202511032
2259,0.07097465842599417
2260,0.07079095390202088
2261,0.07028302483723337
2262,0.06984380350788877
2263,0.06999660337131898
2264,0.06950751072774414
2265,0.06907105516345904
2266,0.06850076585759239
2267,0.06789513182705942
2268,0.0674487283032391
2269,0.06735972560838877
2270,0.06716601596742762
2271,0.06651418158215337
2272,0.06620158589422681
2273,0.0658896940307408
2274,0.06560786441986086
2275,0.06519347348684033
2276,0.06483958295217392
2277,0.06461823755949476
2278,0.06414691689510091
2279,0.06423036348564957
2280,0.06368451532659744
2281,0.06389107642853989
2282,0.06395699710559866
2283,0.06349921137809739
2284,0.06320076430436782
2285,0.06270988417718872
2286,0.06234523990720956
2287,0.062216369622389044
2288,0.06234751552504089
2289,0.06173562196722782
2290,0.06117455414490227
2291,0.060938148095471725
2292,0.06088635565674972
2293,0.06072192009222751
2294,0.060190286116837625
2295,0.06019098550294522
2296,0.05969539697678389
2297,0.05942834726507726
2298,0.059077066109037187
2299,0.058874532344533596
2300,0.05831650844377743
2301,0.058056789165226996
2302,0.05775538901301708
2303,0.05713786581735746
2304,0.05635615590048026
2305,0.05582210643790696
2306,0.05529610815136993
2307,0.055269765965035376
2308,0.05506898090442826
2309,0.05475655984886543
2310,0.05478007187738457
2311,0.054605558093108776
2312,0.05483441593341976
2313,0.0548120081672404
2314,0.054369339086448636
2315,0.05398922387539354
2316,0.05343099496116169
2317,0.05305182582536618
2318,0.05288249439812981
2319,0.0528905701460429
2320,0.052847302826976215
2321,0.05212497463879565
2322,0.05183865134507954
2323,0.051522283527798196
2324,0.051222838312983035
2325,0.051470015500683766
2326,0.051086142167743626
2327,0.050643900232275364
2328,0.05037869877818371
2329,0.05014888500900843
2330,0.049889019231075006
2331,0.049693215037473974
2332,0.04908822424058
2333,0.04905499333524644
2334,0.04892417650728224
2335,0.04914124681272952
2336,0.04862011951083175
2337,0.04843249320922716
2338,0.048545289166571776
2339,0.04831301415339494
2340,0.04777436072328442
2341,0.047266586424452854
2342,0.04699020778084381
2343,0.04651700358942315
2344,0.0459865067671105
2345,0.04603164001497228
2346,0.04566560459405408
2347,0.04536767592933342
2348,0.04513896230994298
2349,0.04465943448301948
2350,0.04436522673970269
2351,0.04441219514847102
2352,0.04453983681187421
2353,0.04464522197418573
2354,0.044633184784840886
2355,0.04420513285382698
2356,0.04383527031941371
2357,0.0435065330550923
2358,0.04319161109319617
2359,0.04273878937943955
2360,0.04241488263916952
2361,0.04182456019279947
2362,0.04199974302586435
2363,0.04207284581934025
2364,0.04193532519588265
2365,0.04194497455229387
2366,0.041531724533325015
2367,0.04111051612133312
2368,0.04088672082666961
2369,0.04067973358972739
2370,0.04033948790972819
2371,0.04007286027154572
2372,0.03943689152407853
2373,0.03902347254972384
2374,0.03914327566517092
2375,0.03928439632486417
2376,0.03893225842066671
2377,0.03873754188441752
2378,0.03850445797079508
2379,0.03812226502925977
2380,0.038033389704352286
2381,0.03782672518481611
2382,0.03768770725939913
2383,0.037268330779923226
2384,0.037015204995227265
2385,0.036592356019248366
2386,0.03619155167872658
2387,0.03612017365908458
2388,0.03593976890934897
2389,0.035714023630417244
2390,0.03566002066701161
2391,0.03556247934352187
2392,0.034958651632118865
2393,0.03502472954111668
2394,0.034924942821235185
2395,0.034618655056365875
2396,0.03408930488430086
2397,0.03376336985269498
2398,0.03329330301838066
2399,0.03353756705691953
2400,0.032892488194025626
2401,0.03311911885695499
2402,0.03301479224406709
2403,0.03263940829873424
2404,0.0326518278406637
2405,0.03215998404102916
2406,0.032240178043791035
2407,0.03174739078782208
2408,0.03182726383393773
2409,0.0313504652321436
2410,0.03186651324013629
2411,0.03154957546961801
2412,0.03143980244096968
2413,0.0306373443032466
2414,0.030672474088537918
2415,0.0302561025056763
2416,0.029513363765373724
2417,0.029369365859822652
2418,0.029278548958524688
2419,0.029268524339795977
2420,0.02822952913625014
2421,0.02817895301038989
2422,0.027628263569975674
2423,0.027825511864145454
2424,0.02728378571202828
2425,0.027064340115311985
2426,0.02747311454975099
2427,0.027474140181110464
2428,0.02699840030640189
2429,0.0262068297322892
2430,0.02626378540430123
2431,0.026393540323011163
2432,0.026154545451405314
2433,0.02641892474767636
2434,0.02636085974342174
2435,0.02641202362753826
2436,0.02671323008169471
2437,0.02598957394284727
2438,0.02641723633486892
2439,0.02604092249944887
2440,0.02516888872628639
2441,0.025090451668433992
2442,0.02543624522385069
2443,0.024949392858889894
2444,0.025046394179091772
2445,0.025181047591670013
2446,0.024775536186915654
2447,0.02459144271380164
2448,0.02367651422338603
2449,0.02294346845438427
2450,0.022463387734495372
2451,0.02211122328263676
2452,0.022481748325896056
2453,0.021796244283282726
2454,0.02169996974253141
2455,0.02143608285217976
2456,0.02156522129364557
2457,0.02155486333227173
2458,0.021125762890027443
2459,0.0204940423623978
2460,0.020588037753035145
2461,0.02048775252533202
2462,0.020555886594163603
2463,0.020564192232466385
2464,0.02011693113210085
2465,0.02068344491349746
2466,0.020976847965382323
2467,0.021506111959447228
2468,0.021299136014674255
2469,0.020960797716542436
2470,0.021735705902919334
2471,0.02126517083658649
2472,0.020585521817808504
2473,0.019955901493978037
2474,0.01957889172785772
2475,0.02052172434616705
2476,0.021213797628879566
2477,0.021674503034186218
2478,0.02226443506838112
2479,0.022538197800506855
2480,0.023213903990044738
2481,0.022585537852556747
2482,0.02316681064250244
2483,0.024799513335756026
2484,0.025909942602452128
2485,0.026158452944049785
2486,0.025871835797786926
2487,0.027338085586331332
2488,0.028514191803145728
2489,0.028730721651820564
2490,0.02899258843574811
2491,0.027245936292277197
2492,0.026422095848643537
2493,0.02569387856099357
2494,0.024780046612556412
2495,0.025594097961216526
2496,0.02480920494993907
2497,0.02664935691345105
2498,0.028249026774347253
2499,0.02795704432169959
2500,0.025176378370828947
